PointID,ClusterID
0,28
1,28
2,28
3,28
4,28
5,83
6,83
7,83
8,83
9,83
10,41
11,41
12,41
13,41
14,83
15,83
16,83
17,83
18,83
19,83
20,41
21,41
22,41
23,83
24,41
25,41
26,41
27,83
28,83
29,41
30,83
31,41
32,41
33,41
34,83
35,83
36,41
37,83
38,83
39,83
40,41
41,83
42,83
43,83
44,41
45,41
46,41
47,83
48,83
49,83
50,41
51,41
52,41
53,41
54,83
55,83
56,83
57,20
58,20
59,20
60,100
61,100
62,100
63,100
64,100
65,100
66,100
67,41
68,41
69,41
70,41
71,41
72,83
73,83
74,83
75,20
76,20
77,20
78,20
79,20
80,20
81,20
82,20
83,20
84,20
85,20
86,20
87,20
88,100
89,100
90,100
91,100
92,100
93,100
94,100
95,100
96,48
97,48
98,48
99,48
100,48
101,48
102,48
103,48
104,48
105,48
106,48
107,48
108,41
109,41
110,41
111,41
112,41
113,41
114,83
115,83
116,83
117,20
118,20
119,20
120,20
121,20
122,100
123,100
124,100
125,100
126,100
127,100
128,100
129,100
130,48
131,48
132,48
133,48
134,48
135,48
136,41
137,41
138,41
139,41
140,41
141,83
142,83
143,83
144,83
145,83
146,20
147,20
148,20
149,20
150,20
151,100
152,100
153,100
154,100
155,100
156,100
157,48
158,48
159,48
160,48
161,48
162,48
163,41
164,41
165,41
166,41
167,41
168,83
169,83
170,83
171,83
172,20
173,20
174,20
175,20
176,20
177,20
178,100
179,100
180,100
181,100
182,100
183,100
184,48
185,48
186,48
187,48
188,48
189,41
190,41
191,41
192,41
193,41
194,83
195,83
196,83
197,83
198,83
199,83
200,20
201,20
202,20
203,20
204,100
205,100
206,100
207,100
208,100
209,48
210,48
211,48
212,48
213,41
214,41
215,41
216,41
217,41
218,41
219,41
220,41
221,83
222,83
223,83
224,83
225,83
226,83
227,83
228,83
229,83
230,88
231,20
232,20
233,20
234,20
235,100
236,100
237,100
238,100
239,48
240,48
241,48
242,48
243,41
244,41
245,41
246,41
247,41
248,41
249,41
250,83
251,83
252,83
253,83
254,83
255,83
256,83
257,20
258,20
259,20
260,20
261,100
262,100
263,100
264,100
265,48
266,48
267,48
268,41
269,20
270,20
271,20
272,20
273,100
274,100
275,100
276,48
277,48
278,48
279,48
280,41
281,20
282,20
283,20
284,100
285,100
286,100
287,48
288,48
289,48
290,48
291,20
292,20
293,20
294,100
295,100
296,100
297,48
298,48
299,48
300,41
301,20
302,20
303,20
304,100
305,100
306,48
307,48
308,41
309,20
310,20
311,100
312,100
313,100
314,48
315,48
316,41
317,41
318,20
319,20
320,20
321,100
322,100
323,48
324,48
325,48
326,41
327,20
328,20
329,100
330,100
331,48
332,48
333,88
334,88
335,88
336,88
337,88
338,79
339,79
340,20
341,20
342,20
343,100
344,100
345,48
346,48
347,48
348,88
349,88
350,79
351,79
352,79
353,79
354,20
355,20
356,20
357,100
358,100
359,48
360,48
361,88
362,79
363,79
364,20
365,20
366,100
367,100
368,48
369,48
370,88
371,88
372,88
373,79
374,20
375,20
376,100
377,100
378,48
379,48
380,88
381,88
382,79
383,20
384,20
385,20
386,100
387,100
388,48
389,48
390,88
391,88
392,88
393,79
394,79
395,79
396,20
397,20
398,100
399,100
400,48
401,48
402,88
403,88
404,88
405,79
406,79
407,79
408,20
409,20
410,100
411,100
412,100
413,48
414,48
415,88
416,88
417,88
418,79
419,79
420,20
421,100
422,100
423,48
424,48
425,88
426,88
427,88
428,79
429,79
430,79
431,20
432,20
433,100
434,100
435,48
436,88
437,88
438,88
439,79
440,79
441,79
442,20
443,20
444,100
445,100
446,48
447,48
448,48
449,88
450,88
451,88
452,79
453,79
454,20
455,100
456,100
457,48
458,48
459,88
460,88
461,88
462,79
463,79
464,20
465,100
466,48
467,48
468,88
469,88
470,88
471,88
472,79
473,79
474,79
475,79
476,20
477,20
478,100
479,48
480,48
481,88
482,88
483,88
484,79
485,79
486,20
487,100
488,48
489,48
490,88
491,88
492,88
493,88
494,79
495,79
496,79
497,79
498,20
499,20
500,100
501,48
502,48
503,88
504,88
505,88
506,88
507,88
508,88
509,79
510,79
511,79
512,20
513,20
514,100
515,48
516,48
517,88
518,88
519,88
520,88
521,88
522,88
523,79
524,79
525,79
526,79
527,20
528,20
529,100
530,48
531,48
532,88
533,88
534,88
535,88
536,88
537,88
538,88
539,79
540,79
541,79
542,79
543,79
544,79
545,79
546,20
547,48
548,48
549,100
550,100
551,48
552,48
553,48
554,20
555,100
556,48
557,48
558,48
559,20
560,20
561,100
562,100
563,48
564,48
565,20
566,20
567,100
568,100
569,48
570,48
571,48
572,20
573,20
574,100
575,48
576,48
577,41
578,20
579,100
580,48
581,20
582,20
583,20
584,100
585,48
586,48
587,41
588,41
589,104
590,44
591,44
592,20
593,100
594,100
595,48
596,48
597,104
598,44
599,20
600,20
601,20
602,20
603,20
604,100
605,100
606,100
607,100
608,100
609,48
610,48
611,48
612,48
613,48
614,48
615,48
616,48
617,41
618,41
619,83
620,83
621,83
622,83
623,20
624,20
625,20
626,100
627,100
628,100
629,100
630,100
631,100
632,48
633,48
634,48
635,48
636,48
637,48
638,41
639,41
640,83
641,83
642,20
643,20
644,20
645,20
646,20
647,100
648,100
649,100
650,100
651,100
652,100
653,100
654,48
655,48
656,48
657,48
658,48
659,48
660,48
661,48
662,41
663,41
664,83
665,83
666,20
667,20
668,20
669,20
670,20
671,20
672,20
673,20
674,20
675,20
676,20
677,20
678,20
679,20
680,20
681,100
682,100
683,100
684,100
685,100
686,100
687,100
688,100
689,100
690,100
691,100
692,100
693,100
694,100
695,100
696,100
697,48
698,48
699,48
700,48
701,48
702,48
703,48
704,48
705,48
706,48
707,48
708,48
709,48
710,48
711,48
712,48
713,48
714,41
715,41
716,41
717,83
718,83
719,41
720,83
721,83
722,41
723,41
724,44
725,83
726,83
727,83
728,79
729,41
730,41
731,44
732,83
733,83
734,83
735,83
736,79
737,79
738,41
739,83
740,83
741,83
742,83
743,41
744,44
745,83
746,83
747,83
748,41
749,41
750,41
751,83
752,83
753,83
754,83
755,41
756,41
757,41
758,41
759,83
760,83
761,83
762,83
763,83
764,41
765,41
766,41
767,83
768,83
769,83
770,41
771,41
772,41
773,41
774,83
775,83
776,83
777,83
778,83
779,41
780,41
781,41
782,41
783,41
784,83
785,83
786,83
787,83
788,83
789,41
790,41
791,41
792,41
793,41
794,41
795,41
796,41
797,83
798,83
799,83
800,83
801,83
802,83
803,83
804,83
805,83
806,41
807,44
808,44
809,44
810,41
811,41
812,104
813,96
814,41
815,96
816,41
817,44
818,44
819,96
820,96
821,96
822,96
823,96
824,96
825,79
826,79
827,96
828,96
829,96
830,96
831,96
832,96
833,96
834,96
835,79
836,79
837,44
838,44
839,96
840,96
841,96
842,96
843,96
844,96
845,79
846,96
847,96
848,96
849,96
850,96
851,96
852,96
853,79
854,79
855,96
856,96
857,96
858,96
859,96
860,79
861,79
862,96
863,96
864,96
865,96
866,96
867,96
868,96
869,79
870,79
871,79
872,96
873,96
874,96
875,96
876,79
877,79
878,96
879,96
880,96
881,96
882,79
883,79
884,96
885,96
886,96
887,96
888,79
889,79
890,96
891,96
892,96
893,79
894,79
895,96
896,96
897,96
898,79
899,79
900,79
901,96
902,96
903,96
904,79
905,79
906,79
907,96
908,96
909,96
910,79
911,79
912,79
913,96
914,96
915,96
916,79
917,79
918,79
919,96
920,96
921,96
922,96
923,79
924,79
925,79
926,79
927,79
928,96
929,96
930,96
931,96
932,96
933,96
934,79
935,79
936,79
937,79
938,79
939,79
940,79
941,79
942,96
943,96
944,96
945,96
946,96
947,96
948,96
949,48
950,96
951,48
952,48
953,48
954,48
955,104
956,104
957,104
958,104
959,104
960,104
961,104
962,104
963,44
964,44
965,44
966,44
967,44
968,102
969,44
970,44
971,104
972,102
973,104
974,102
975,104
976,102
977,32
978,102
979,74
980,74
981,32
982,74
983,66
984,104
985,74
986,48
987,48
988,48
989,48
990,104
991,44
992,44
993,44
994,44
995,44
996,44
997,44
998,102
999,102
1000,102
1001,102
1002,102
1003,102
1004,102
1005,102
1006,102
1007,48
1008,48
1009,48
1010,104
1011,104
1012,104
1013,104
1014,104
1015,44
1016,44
1017,44
1018,44
1019,44
1020,44
1021,102
1022,102
1023,102
1024,102
1025,102
1026,102
1027,102
1028,102
1029,102
1030,102
1031,102
1032,102
1033,48
1034,48
1035,48
1036,104
1037,104
1038,104
1039,104
1040,44
1041,44
1042,44
1043,44
1044,102
1045,102
1046,102
1047,102
1048,102
1049,102
1050,102
1051,48
1052,104
1053,104
1054,104
1055,44
1056,44
1057,44
1058,44
1059,102
1060,102
1061,102
1062,102
1063,48
1064,48
1065,48
1066,104
1067,104
1068,104
1069,44
1070,44
1071,44
1072,44
1073,102
1074,102
1075,102
1076,32
1077,48
1078,48
1079,104
1080,104
1081,104
1082,104
1083,44
1084,44
1085,102
1086,102
1087,102
1088,102
1089,102
1090,48
1091,48
1092,48
1093,104
1094,104
1095,104
1096,44
1097,44
1098,102
1099,102
1100,102
1101,102
1102,102
1103,102
1104,102
1105,102
1106,102
1107,102
1108,74
1109,74
1110,74
1111,74
1112,74
1113,48
1114,48
1115,48
1116,104
1117,104
1118,104
1119,104
1120,44
1121,44
1122,44
1123,44
1124,102
1125,102
1126,102
1127,102
1128,102
1129,102
1130,102
1131,102
1132,102
1133,102
1134,102
1135,102
1136,74
1137,74
1138,66
1139,48
1140,48
1141,48
1142,48
1143,104
1144,104
1145,104
1146,44
1147,44
1148,44
1149,44
1150,102
1151,102
1152,102
1153,102
1154,102
1155,102
1156,102
1157,102
1158,102
1159,102
1160,102
1161,102
1162,102
1163,102
1164,102
1165,74
1166,74
1167,66
1168,48
1169,48
1170,48
1171,48
1172,104
1173,104
1174,104
1175,44
1176,44
1177,44
1178,44
1179,44
1180,102
1181,102
1182,102
1183,102
1184,102
1185,102
1186,102
1187,102
1188,102
1189,102
1190,102
1191,102
1192,102
1193,102
1194,102
1195,102
1196,102
1197,102
1198,102
1199,102
1200,74
1201,74
1202,74
1203,48
1204,48
1205,104
1206,104
1207,104
1208,104
1209,44
1210,44
1211,44
1212,102
1213,102
1214,102
1215,102
1216,102
1217,102
1218,102
1219,102
1220,102
1221,102
1222,102
1223,102
1224,102
1225,102
1226,102
1227,102
1228,102
1229,102
1230,48
1231,48
1232,48
1233,48
1234,104
1235,104
1236,104
1237,104
1238,104
1239,44
1240,44
1241,44
1242,102
1243,102
1244,102
1245,102
1246,102
1247,102
1248,102
1249,102
1250,102
1251,102
1252,102
1253,102
1254,102
1255,102
1256,48
1257,48
1258,104
1259,104
1260,104
1261,104
1262,44
1263,44
1264,44
1265,44
1266,102
1267,102
1268,102
1269,102
1270,102
1271,102
1272,102
1273,102
1274,102
1275,102
1276,102
1277,102
1278,102
1279,102
1280,48
1281,48
1282,48
1283,104
1284,104
1285,104
1286,104
1287,44
1288,44
1289,44
1290,44
1291,102
1292,102
1293,102
1294,102
1295,102
1296,102
1297,102
1298,102
1299,102
1300,102
1301,102
1302,102
1303,102
1304,48
1305,48
1306,48
1307,48
1308,104
1309,104
1310,104
1311,104
1312,104
1313,104
1314,44
1315,44
1316,44
1317,44
1318,44
1319,44
1320,102
1321,102
1322,102
1323,102
1324,102
1325,102
1326,102
1327,102
1328,102
1329,102
1330,102
1331,102
1332,102
1333,102
1334,102
1335,71
1336,71
1337,71
1338,71
1339,71
1340,71
1341,48
1342,48
1343,48
1344,48
1345,48
1346,48
1347,104
1348,104
1349,104
1350,104
1351,104
1352,104
1353,104
1354,104
1355,104
1356,44
1357,44
1358,44
1359,44
1360,44
1361,44
1362,44
1363,44
1364,102
1365,102
1366,102
1367,102
1368,102
1369,102
1370,102
1371,102
1372,102
1373,102
1374,102
1375,102
1376,102
1377,102
1378,102
1379,102
1380,71
1381,71
1382,71
1383,71
1384,116
1385,116
1386,116
1387,116
1388,116
1389,116
1390,116
1391,48
1392,48
1393,48
1394,48
1395,48
1396,104
1397,104
1398,104
1399,104
1400,44
1401,44
1402,44
1403,44
1404,102
1405,102
1406,102
1407,102
1408,102
1409,102
1410,102
1411,102
1412,102
1413,71
1414,71
1415,71
1416,116
1417,116
1418,104
1419,102
1420,102
1421,102
1422,102
1423,71
1424,71
1425,71
1426,116
1427,116
1428,116
1429,82
1430,82
1431,82
1432,66
1433,66
1434,66
1435,66
1436,66
1437,104
1438,102
1439,102
1440,102
1441,102
1442,102
1443,102
1444,71
1445,71
1446,71
1447,116
1448,116
1449,116
1450,82
1451,82
1452,82
1453,66
1454,66
1455,66
1456,66
1457,104
1458,102
1459,102
1460,102
1461,102
1462,102
1463,102
1464,71
1465,71
1466,116
1467,116
1468,116
1469,82
1470,82
1471,66
1472,66
1473,32
1474,104
1475,102
1476,102
1477,102
1478,102
1479,102
1480,102
1481,102
1482,102
1483,71
1484,71
1485,116
1486,82
1487,82
1488,66
1489,66
1490,32
1491,104
1492,102
1493,102
1494,102
1495,102
1496,102
1497,102
1498,102
1499,102
1500,71
1501,71
1502,71
1503,116
1504,116
1505,82
1506,82
1507,82
1508,66
1509,102
1510,71
1511,71
1512,71
1513,116
1514,116
1515,116
1516,82
1517,82
1518,82
1519,82
1520,74
1521,74
1522,66
1523,66
1524,102
1525,71
1526,71
1527,71
1528,116
1529,116
1530,116
1531,82
1532,82
1533,82
1534,74
1535,66
1536,66
1537,66
1538,66
1539,102
1540,71
1541,71
1542,71
1543,71
1544,116
1545,116
1546,116
1547,82
1548,82
1549,82
1550,66
1551,66
1552,71
1553,71
1554,71
1555,71
1556,116
1557,116
1558,116
1559,82
1560,82
1561,82
1562,82
1563,66
1564,66
1565,66
1566,71
1567,71
1568,71
1569,71
1570,71
1571,71
1572,116
1573,116
1574,116
1575,82
1576,82
1577,82
1578,74
1579,66
1580,66
1581,66
1582,66
1583,71
1584,71
1585,71
1586,71
1587,71
1588,116
1589,116
1590,116
1591,82
1592,82
1593,82
1594,74
1595,66
1596,66
1597,66
1598,66
1599,71
1600,71
1601,71
1602,71
1603,71
1604,71
1605,116
1606,116
1607,116
1608,116
1609,82
1610,82
1611,82
1612,82
1613,82
1614,74
1615,74
1616,66
1617,66
1618,66
1619,66
1620,32
1621,71
1622,71
1623,71
1624,71
1625,71
1626,116
1627,116
1628,116
1629,116
1630,82
1631,82
1632,82
1633,82
1634,74
1635,66
1636,66
1637,66
1638,66
1639,32
1640,71
1641,71
1642,71
1643,71
1644,71
1645,116
1646,116
1647,116
1648,116
1649,82
1650,82
1651,82
1652,82
1653,74
1654,66
1655,66
1656,66
1657,66
1658,66
1659,71
1660,71
1661,71
1662,71
1663,71
1664,116
1665,116
1666,116
1667,116
1668,82
1669,82
1670,82
1671,74
1672,74
1673,66
1674,66
1675,66
1676,32
1677,32
1678,32
1679,32
1680,32
1681,32
1682,71
1683,71
1684,71
1685,71
1686,71
1687,116
1688,116
1689,116
1690,116
1691,116
1692,82
1693,82
1694,82
1695,82
1696,74
1697,74
1698,74
1699,66
1700,66
1701,66
1702,32
1703,32
1704,32
1705,32
1706,32
1707,71
1708,71
1709,71
1710,71
1711,71
1712,71
1713,71
1714,116
1715,116
1716,116
1717,116
1718,116
1719,116
1720,116
1721,82
1722,82
1723,82
1724,82
1725,82
1726,82
1727,74
1728,74
1729,66
1730,66
1731,66
1732,66
1733,66
1734,37
1735,37
1736,32
1737,32
1738,32
1739,32
1740,71
1741,71
1742,71
1743,71
1744,71
1745,71
1746,71
1747,71
1748,71
1749,71
1750,116
1751,116
1752,116
1753,116
1754,116
1755,116
1756,116
1757,116
1758,116
1759,116
1760,116
1761,82
1762,82
1763,82
1764,82
1765,82
1766,82
1767,74
1768,74
1769,66
1770,66
1771,66
1772,66
1773,66
1774,66
1775,66
1776,37
1777,37
1778,37
1779,32
1780,32
1781,32
1782,71
1783,71
1784,71
1785,71
1786,71
1787,71
1788,71
1789,71
1790,71
1791,71
1792,116
1793,116
1794,116
1795,116
1796,116
1797,116
1798,116
1799,116
1800,74
1801,74
1802,32
1803,32
1804,32
1805,32
1806,32
1807,32
1808,32
1809,32
1810,32
1811,32
1812,32
1813,32
1814,32
1815,32
1816,32
1817,32
1818,32
1819,71
1820,71
1821,71
1822,71
1823,71
1824,71
1825,71
1826,74
1827,32
1828,32
1829,32
1830,82
1831,82
1832,74
1833,37
1834,37
1835,32
1836,32
1837,32
1838,32
1839,82
1840,74
1841,32
1842,32
1843,32
1844,32
1845,32
1846,71
1847,116
1848,82
1849,32
1850,32
1851,32
1852,32
1853,32
1854,32
1855,74
1856,32
1857,32
1858,32
1859,32
1860,32
1861,32
1862,71
1863,71
1864,71
1865,71
1866,116
1867,74
1868,37
1869,32
1870,32
1871,32
1872,32
1873,32
1874,32
1875,71
1876,116
1877,37
1878,32
1879,32
1880,32
1881,32
1882,32
1883,37
1884,37
1885,37
1886,37
1887,37
1888,32
1889,32
1890,32
1891,32
1892,32
1893,74
1894,37
1895,37
1896,37
1897,37
1898,37
1899,37
1900,37
1901,37
1902,37
1903,37
1904,37
1905,37
1906,37
1907,32
1908,32
1909,32
1910,32
1911,32
1912,32
1913,37
1914,37
1915,37
1916,37
1917,37
1918,32
1919,32
1920,32
1921,32
1922,32
1923,32
1924,32
1925,37
1926,37
1927,37
1928,37
1929,32
1930,32
1931,32
1932,32
1933,32
1934,32
1935,32
1936,32
1937,32
1938,32
1939,32
1940,32
1941,32
1942,32
1943,81
1944,74
1945,74
1946,37
1947,37
1948,37
1949,81
1950,74
1951,74
1952,74
1953,74
1954,47
1955,37
1956,37
1957,37
1958,37
1959,81
1960,81
1961,81
1962,81
1963,81
1964,81
1965,81
1966,74
1967,74
1968,47
1969,37
1970,37
1971,37
1972,47
1973,37
1974,37
1975,37
1976,37
1977,37
1978,37
1979,47
1980,37
1981,37
1982,37
1983,37
1984,37
1985,37
1986,81
1987,47
1988,37
1989,37
1990,37
1991,37
1992,37
1993,37
1994,37
1995,47
1996,37
1997,37
1998,37
1999,37
2000,37
2001,37
2002,37
2003,37
2004,47
2005,37
2006,37
2007,37
2008,37
2009,37
2010,44
2011,47
2012,37
2013,37
2014,37
2015,37
2016,37
2017,37
2018,12
2019,47
2020,37
2021,37
2022,37
2023,37
2024,37
2025,37
2026,37
2027,78
2028,78
2029,78
2030,81
2031,81
2032,81
2033,81
2034,47
2035,37
2036,37
2037,37
2038,37
2039,37
2040,37
2041,12
2042,12
2043,12
2044,12
2045,78
2046,78
2047,78
2048,78
2049,78
2050,78
2051,78
2052,81
2053,81
2054,81
2055,81
2056,81
2057,81
2058,81
2059,81
2060,47
2061,37
2062,37
2063,37
2064,37
2065,37
2066,37
2067,37
2068,37
2069,37
2070,37
2071,12
2072,12
2073,12
2074,12
2075,78
2076,78
2077,78
2078,78
2079,78
2080,81
2081,81
2082,81
2083,81
2084,81
2085,81
2086,81
2087,81
2088,81
2089,81
2090,37
2091,37
2092,37
2093,37
2094,37
2095,37
2096,37
2097,37
2098,37
2099,37
2100,12
2101,12
2102,12
2103,78
2104,78
2105,81
2106,81
2107,81
2108,81
2109,81
2110,81
2111,81
2112,81
2113,81
2114,81
2115,81
2116,81
2117,81
2118,81
2119,12
2120,12
2121,78
2122,78
2123,78
2124,81
2125,81
2126,81
2127,81
2128,81
2129,81
2130,81
2131,81
2132,81
2133,81
2134,53
2135,12
2136,12
2137,12
2138,78
2139,78
2140,78
2141,78
2142,78
2143,78
2144,81
2145,81
2146,81
2147,81
2148,81
2149,81
2150,81
2151,53
2152,12
2153,12
2154,12
2155,78
2156,78
2157,78
2158,78
2159,78
2160,78
2161,81
2162,81
2163,81
2164,81
2165,81
2166,81
2167,81
2168,81
2169,53
2170,12
2171,12
2172,12
2173,12
2174,12
2175,12
2176,107
2177,78
2178,78
2179,78
2180,78
2181,78
2182,81
2183,81
2184,81
2185,81
2186,81
2187,81
2188,81
2189,71
2190,53
2191,53
2192,12
2193,12
2194,12
2195,12
2196,12
2197,12
2198,78
2199,78
2200,78
2201,78
2202,78
2203,81
2204,81
2205,81
2206,81
2207,81
2208,71
2209,71
2210,71
2211,47
2212,47
2213,12
2214,12
2215,12
2216,12
2217,12
2218,12
2219,12
2220,78
2221,78
2222,78
2223,78
2224,81
2225,81
2226,81
2227,81
2228,71
2229,12
2230,12
2231,12
2232,12
2233,12
2234,12
2235,78
2236,78
2237,78
2238,78
2239,81
2240,81
2241,81
2242,53
2243,53
2244,12
2245,12
2246,12
2247,12
2248,12
2249,12
2250,78
2251,78
2252,78
2253,78
2254,78
2255,78
2256,81
2257,81
2258,81
2259,81
2260,81
2261,53
2262,53
2263,103
2264,103
2265,103
2266,103
2267,92
2268,12
2269,12
2270,12
2271,12
2272,12
2273,12
2274,64
2275,78
2276,78
2277,78
2278,78
2279,78
2280,81
2281,81
2282,81
2283,81
2284,81
2285,53
2286,53
2287,103
2288,103
2289,103
2290,92
2291,12
2292,12
2293,12
2294,12
2295,12
2296,12
2297,64
2298,78
2299,78
2300,78
2301,78
2302,78
2303,81
2304,81
2305,81
2306,81
2307,81
2308,81
2309,81
2310,53
2311,53
2312,53
2313,53
2314,53
2315,53
2316,53
2317,53
2318,53
2319,103
2320,103
2321,103
2322,12
2323,12
2324,12
2325,12
2326,12
2327,12
2328,12
2329,78
2330,78
2331,78
2332,78
2333,81
2334,81
2335,81
2336,81
2337,81
2338,81
2339,81
2340,53
2341,53
2342,53
2343,53
2344,53
2345,53
2346,53
2347,53
2348,103
2349,103
2350,103
2351,12
2352,12
2353,12
2354,12
2355,12
2356,12
2357,12
2358,12
2359,78
2360,78
2361,78
2362,78
2363,81
2364,53
2365,53
2366,53
2367,53
2368,53
2369,53
2370,53
2371,47
2372,103
2373,103
2374,103
2375,12
2376,53
2377,53
2378,53
2379,53
2380,53
2381,53
2382,103
2383,103
2384,103
2385,12
2386,53
2387,53
2388,53
2389,53
2390,53
2391,53
2392,47
2393,103
2394,103
2395,103
2396,12
2397,53
2398,53
2399,53
2400,103
2401,103
2402,103
2403,103
2404,12
2405,53
2406,53
2407,53
2408,53
2409,103
2410,103
2411,103
2412,103
2413,92
2414,53
2415,53
2416,53
2417,53
2418,53
2419,103
2420,103
2421,103
2422,103
2423,53
2424,53
2425,53
2426,53
2427,53
2428,103
2429,103
2430,103
2431,103
2432,103
2433,53
2434,53
2435,53
2436,53
2437,53
2438,53
2439,53
2440,53
2441,103
2442,103
2443,103
2444,92
2445,53
2446,53
2447,53
2448,53
2449,53
2450,53
2451,103
2452,103
2453,103
2454,53
2455,53
2456,53
2457,53
2458,53
2459,103
2460,103
2461,103
2462,103
2463,92
2464,53
2465,53
2466,53
2467,53
2468,53
2469,53
2470,53
2471,47
2472,103
2473,103
2474,103
2475,103
2476,103
2477,103
2478,92
2479,92
2480,92
2481,53
2482,53
2483,53
2484,53
2485,53
2486,53
2487,103
2488,103
2489,103
2490,103
2491,103
2492,103
2493,103
2494,92
2495,92
2496,92
2497,92
2498,92
2499,92
2500,47
2501,103
2502,103
2503,92
2504,92
2505,92
2506,36
2507,47
2508,103
2509,12
2510,36
2511,47
2512,36
2513,70
2514,36
2515,12
2516,70
2517,36
2518,103
2519,37
2520,12
2521,70
2522,36
2523,103
2524,12
2525,36
2526,12
2527,12
2528,12
2529,12
2530,12
2531,12
2532,92
2533,92
2534,92
2535,92
2536,12
2537,92
2538,92
2539,12
2540,92
2541,92
2542,12
2543,12
2544,92
2545,92
2546,12
2547,12
2548,12
2549,92
2550,92
2551,12
2552,92
2553,92
2554,92
2555,12
2556,12
2557,47
2558,92
2559,92
2560,92
2561,12
2562,12
2563,47
2564,92
2565,92
2566,92
2567,92
2568,12
2569,12
2570,92
2571,92
2572,92
2573,12
2574,12
2575,12
2576,92
2577,92
2578,92
2579,12
2580,12
2581,12
2582,92
2583,92
2584,92
2585,12
2586,12
2587,12
2588,12
2589,92
2590,92
2591,92
2592,92
2593,12
2594,12
2595,12
2596,12
2597,36
2598,36
2599,92
2600,92
2601,92
2602,12
2603,12
2604,64
2605,64
2606,64
2607,64
2608,64
2609,64
2610,64
2611,64
2612,107
2613,107
2614,107
2615,107
2616,107
2617,119
2618,119
2619,119
2620,119
2621,119
2622,119
2623,119
2624,108
2625,108
2626,108
2627,108
2628,108
2629,108
2630,70
2631,92
2632,92
2633,92
2634,92
2635,12
2636,12
2637,12
2638,12
2639,64
2640,64
2641,64
2642,107
2643,107
2644,107
2645,107
2646,107
2647,119
2648,119
2649,119
2650,119
2651,119
2652,119
2653,119
2654,119
2655,49
2656,108
2657,108
2658,108
2659,108
2660,108
2661,108
2662,108
2663,108
2664,92
2665,92
2666,92
2667,92
2668,92
2669,92
2670,92
2671,12
2672,12
2673,12
2674,12
2675,12
2676,12
2677,12
2678,64
2679,64
2680,107
2681,107
2682,107
2683,107
2684,107
2685,107
2686,119
2687,119
2688,119
2689,119
2690,119
2691,119
2692,119
2693,49
2694,49
2695,49
2696,49
2697,108
2698,108
2699,108
2700,108
2701,108
2702,108
2703,108
2704,108
2705,108
2706,70
2707,70
2708,70
2709,70
2710,70
2711,70
2712,70
2713,70
2714,70
2715,92
2716,92
2717,92
2718,92
2719,64
2720,64
2721,64
2722,107
2723,107
2724,107
2725,107
2726,107
2727,107
2728,107
2729,107
2730,107
2731,119
2732,119
2733,119
2734,119
2735,119
2736,119
2737,49
2738,49
2739,49
2740,49
2741,49
2742,49
2743,108
2744,108
2745,108
2746,108
2747,108
2748,108
2749,70
2750,70
2751,70
2752,70
2753,70
2754,70
2755,70
2756,70
2757,70
2758,70
2759,70
2760,64
2761,64
2762,64
2763,64
2764,64
2765,107
2766,107
2767,107
2768,107
2769,107
2770,107
2771,107
2772,107
2773,107
2774,119
2775,119
2776,119
2777,119
2778,119
2779,119
2780,119
2781,119
2782,49
2783,49
2784,49
2785,49
2786,49
2787,49
2788,108
2789,108
2790,108
2791,108
2792,70
2793,70
2794,70
2795,70
2796,70
2797,70
2798,64
2799,64
2800,64
2801,107
2802,107
2803,107
2804,107
2805,107
2806,107
2807,107
2808,107
2809,107
2810,119
2811,119
2812,119
2813,119
2814,119
2815,119
2816,119
2817,119
2818,49
2819,49
2820,49
2821,49
2822,49
2823,49
2824,108
2825,108
2826,70
2827,70
2828,64
2829,64
2830,64
2831,107
2832,107
2833,107
2834,107
2835,107
2836,107
2837,107
2838,107
2839,107
2840,119
2841,119
2842,119
2843,119
2844,119
2845,119
2846,119
2847,119
2848,49
2849,49
2850,49
2851,49
2852,49
2853,49
2854,49
2855,49
2856,108
2857,108
2858,64
2859,64
2860,64
2861,64
2862,107
2863,107
2864,107
2865,107
2866,107
2867,107
2868,107
2869,119
2870,119
2871,119
2872,119
2873,119
2874,119
2875,119
2876,49
2877,49
2878,49
2879,49
2880,49
2881,49
2882,49
2883,49
2884,65
2885,108
2886,108
2887,108
2888,108
2889,70
2890,70
2891,70
2892,70
2893,70
2894,70
2895,70
2896,70
2897,64
2898,64
2899,64
2900,64
2901,64
2902,107
2903,107
2904,107
2905,107
2906,107
2907,119
2908,119
2909,119
2910,119
2911,49
2912,49
2913,49
2914,49
2915,65
2916,65
2917,65
2918,65
2919,65
2920,108
2921,70
2922,70
2923,70
2924,70
2925,70
2926,70
2927,70
2928,70
2929,36
2930,36
2931,36
2932,36
2933,36
2934,64
2935,64
2936,64
2937,64
2938,64
2939,107
2940,107
2941,107
2942,107
2943,119
2944,119
2945,119
2946,119
2947,49
2948,49
2949,65
2950,65
2951,65
2952,65
2953,65
2954,65
2955,70
2956,70
2957,70
2958,70
2959,70
2960,70
2961,70
2962,36
2963,36
2964,64
2965,64
2966,64
2967,64
2968,64
2969,107
2970,107
2971,107
2972,119
2973,119
2974,119
2975,119
2976,119
2977,49
2978,49
2979,65
2980,65
2981,65
2982,65
2983,70
2984,70
2985,70
2986,70
2987,70
2988,70
2989,36
2990,36
2991,36
2992,64
2993,64
2994,64
2995,64
2996,64
2997,107
2998,107
2999,107
3000,107
3001,119
3002,119
3003,119
3004,119
3005,49
3006,49
3007,49
3008,65
3009,65
3010,65
3011,70
3012,70
3013,70
3014,70
3015,70
3016,36
3017,36
3018,36
3019,64
3020,64
3021,64
3022,64
3023,64
3024,107
3025,107
3026,107
3027,107
3028,119
3029,119
3030,119
3031,119
3032,49
3033,49
3034,65
3035,65
3036,65
3037,65
3038,70
3039,70
3040,70
3041,36
3042,36
3043,36
3044,36
3045,64
3046,64
3047,64
3048,64
3049,64
3050,107
3051,107
3052,107
3053,107
3054,119
3055,119
3056,119
3057,119
3058,65
3059,65
3060,65
3061,65
3062,65
3063,65
3064,65
3065,70
3066,36
3067,36
3068,36
3069,64
3070,64
3071,64
3072,64
3073,64
3074,64
3075,64
3076,64
3077,107
3078,107
3079,107
3080,107
3081,107
3082,107
3083,107
3084,107
3085,119
3086,119
3087,119
3088,119
3089,119
3090,119
3091,119
3092,65
3093,65
3094,65
3095,65
3096,65
3097,65
3098,65
3099,65
3100,70
3101,70
3102,36
3103,36
3104,36
3105,64
3106,64
3107,107
3108,107
3109,107
3110,119
3111,119
3112,119
3113,119
3114,119
3115,65
3116,65
3117,65
3118,70
3119,70
3120,36
3121,36
3122,36
3123,69
3124,70
3125,70
3126,70
3127,36
3128,36
3129,69
3130,70
3131,70
3132,70
3133,70
3134,36
3135,36
3136,70
3137,70
3138,70
3139,36
3140,36
3141,36
3142,70
3143,70
3144,70
3145,36
3146,36
3147,36
3148,70
3149,70
3150,70
3151,36
3152,36
3153,36
3154,70
3155,70
3156,70
3157,36
3158,36
3159,36
3160,36
3161,70
3162,70
3163,70
3164,36
3165,36
3166,36
3167,70
3168,70
3169,70
3170,36
3171,36
3172,36
3173,36
3174,22
3175,70
3176,70
3177,70
3178,70
3179,70
3180,36
3181,36
3182,36
3183,70
3184,70
3185,70
3186,70
3187,36
3188,36
3189,36
3190,36
3191,22
3192,22
3193,22
3194,70
3195,70
3196,70
3197,70
3198,70
3199,70
3200,70
3201,36
3202,36
3203,36
3204,36
3205,36
3206,36
3207,36
3208,70
3209,70
3210,70
3211,70
3212,70
3213,70
3214,70
3215,70
3216,70
3217,70
3218,70
3219,70
3220,70
3221,70
3222,36
3223,36
3224,36
3225,36
3226,36
3227,36
3228,36
3229,36
3230,36
3231,36
3232,36
3233,36
3234,22
3235,22
3236,22
3237,77
3238,70
3239,70
3240,70
3241,70
3242,70
3243,70
3244,70
3245,70
3246,70
3247,70
3248,70
3249,36
3250,36
3251,36
3252,36
3253,36
3254,36
3255,22
3256,22
3257,22
3258,22
3259,22
3260,77
3261,77
3262,70
3263,70
3264,70
3265,70
3266,70
3267,70
3268,22
3269,22
3270,22
3271,22
3272,77
3273,77
3274,77
3275,114
3276,114
3277,114
3278,114
3279,22
3280,22
3281,22
3282,77
3283,114
3284,114
3285,114
3286,33
3287,33
3288,33
3289,33
3290,2
3291,2
3292,2
3293,22
3294,22
3295,22
3296,77
3297,77
3298,114
3299,114
3300,114
3301,114
3302,114
3303,114
3304,114
3305,33
3306,33
3307,33
3308,2
3309,2
3310,2
3311,2
3312,2
3313,2
3314,2
3315,2
3316,22
3317,22
3318,77
3319,114
3320,114
3321,114
3322,114
3323,114
3324,114
3325,33
3326,33
3327,33
3328,2
3329,2
3330,2
3331,2
3332,2
3333,22
3334,22
3335,22
3336,77
3337,77
3338,114
3339,114
3340,114
3341,114
3342,33
3343,33
3344,33
3345,2
3346,2
3347,2
3348,2
3349,22
3350,22
3351,22
3352,77
3353,77
3354,114
3355,114
3356,114
3357,114
3358,33
3359,2
3360,2
3361,22
3362,22
3363,22
3364,77
3365,77
3366,77
3367,114
3368,114
3369,114
3370,114
3371,114
3372,33
3373,33
3374,33
3375,2
3376,22
3377,22
3378,22
3379,22
3380,22
3381,22
3382,77
3383,77
3384,114
3385,114
3386,114
3387,114
3388,114
3389,33
3390,33
3391,2
3392,2
3393,2
3394,2
3395,22
3396,22
3397,22
3398,22
3399,77
3400,77
3401,77
3402,77
3403,77
3404,114
3405,114
3406,114
3407,114
3408,114
3409,114
3410,33
3411,33
3412,2
3413,2
3414,2
3415,22
3416,22
3417,22
3418,22
3419,22
3420,77
3421,77
3422,77
3423,77
3424,77
3425,77
3426,77
3427,114
3428,114
3429,114
3430,114
3431,114
3432,33
3433,33
3434,33
3435,2
3436,2
3437,2
3438,2
3439,2
3440,2
3441,22
3442,22
3443,22
3444,22
3445,22
3446,22
3447,22
3448,22
3449,77
3450,77
3451,77
3452,77
3453,77
3454,114
3455,114
3456,114
3457,114
3458,114
3459,33
3460,33
3461,33
3462,92
3463,2
3464,2
3465,2
3466,2
3467,2
3468,2
3469,2
3470,22
3471,22
3472,22
3473,22
3474,22
3475,22
3476,22
3477,22
3478,22
3479,77
3480,77
3481,77
3482,77
3483,77
3484,77
3485,114
3486,114
3487,114
3488,114
3489,114
3490,114
3491,114
3492,33
3493,33
3494,33
3495,92
3496,92
3497,2
3498,2
3499,2
3500,2
3501,2
3502,2
3503,22
3504,22
3505,22
3506,22
3507,22
3508,22
3509,22
3510,77
3511,77
3512,77
3513,77
3514,77
3515,114
3516,114
3517,114
3518,114
3519,114
3520,114
3521,114
3522,114
3523,33
3524,33
3525,33
3526,92
3527,92
3528,2
3529,2
3530,2
3531,2
3532,2
3533,2
3534,2
3535,2
3536,22
3537,22
3538,22
3539,22
3540,22
3541,22
3542,22
3543,77
3544,77
3545,77
3546,77
3547,77
3548,77
3549,114
3550,114
3551,114
3552,114
3553,114
3554,114
3555,114
3556,114
3557,114
3558,114
3559,33
3560,33
3561,33
3562,33
3563,92
3564,92
3565,92
3566,92
3567,92
3568,92
3569,2
3570,2
3571,2
3572,2
3573,2
3574,2
3575,2
3576,22
3577,22
3578,22
3579,22
3580,22
3581,22
3582,22
3583,77
3584,77
3585,77
3586,77
3587,77
3588,77
3589,114
3590,114
3591,114
3592,114
3593,114
3594,114
3595,114
3596,114
3597,114
3598,114
3599,114
3600,114
3601,33
3602,33
3603,33
3604,33
3605,69
3606,69
3607,69
3608,92
3609,92
3610,92
3611,92
3612,92
3613,92
3614,92
3615,92
3616,2
3617,2
3618,2
3619,2
3620,2
3621,2
3622,2
3623,2
3624,2
3625,2
3626,22
3627,22
3628,22
3629,22
3630,22
3631,22
3632,22
3633,77
3634,77
3635,77
3636,77
3637,77
3638,77
3639,114
3640,114
3641,114
3642,114
3643,114
3644,114
3645,114
3646,114
3647,114
3648,114
3649,33
3650,33
3651,33
3652,33
3653,69
3654,69
3655,69
3656,69
3657,92
3658,92
3659,92
3660,92
3661,92
3662,92
3663,92
3664,92
3665,2
3666,2
3667,2
3668,2
3669,2
3670,2
3671,2
3672,2
3673,2
3674,2
3675,2
3676,2
3677,22
3678,22
3679,22
3680,22
3681,22
3682,22
3683,77
3684,77
3685,77
3686,77
3687,77
3688,77
3689,114
3690,114
3691,114
3692,114
3693,114
3694,114
3695,114
3696,114
3697,114
3698,114
3699,33
3700,33
3701,33
3702,33
3703,33
3704,33
3705,69
3706,69
3707,92
3708,92
3709,92
3710,92
3711,92
3712,92
3713,2
3714,2
3715,2
3716,2
3717,2
3718,2
3719,2
3720,2
3721,2
3722,2
3723,2
3724,2
3725,2
3726,22
3727,22
3728,22
3729,22
3730,22
3731,22
3732,22
3733,22
3734,77
3735,77
3736,77
3737,77
3738,77
3739,77
3740,114
3741,114
3742,114
3743,114
3744,114
3745,114
3746,114
3747,114
3748,114
3749,114
3750,114
3751,33
3752,33
3753,33
3754,33
3755,33
3756,33
3757,33
3758,33
3759,69
3760,69
3761,92
3762,92
3763,92
3764,92
3765,2
3766,2
3767,2
3768,2
3769,2
3770,2
3771,2
3772,22
3773,22
3774,22
3775,22
3776,22
3777,22
3778,22
3779,22
3780,22
3781,22
3782,22
3783,22
3784,77
3785,77
3786,77
3787,77
3788,77
3789,77
3790,77
3791,77
3792,77
3793,77
3794,77
3795,114
3796,114
3797,114
3798,114
3799,114
3800,114
3801,114
3802,33
3803,69
3804,92
3805,92
3806,92
3807,2
3808,2
3809,22
3810,22
3811,22
3812,22
3813,22
3814,22
3815,77
3816,77
3817,77
3818,77
3819,77
3820,69
3821,69
3822,92
3823,92
3824,2
3825,2
3826,2
3827,2
3828,2
3829,69
3830,69
3831,92
3832,92
3833,92
3834,22
3835,69
3836,69
3837,92
3838,92
3839,92
3840,92
3841,22
3842,22
3843,69
3844,69
3845,69
3846,92
3847,92
3848,92
3849,92
3850,22
3851,69
3852,69
3853,92
3854,92
3855,92
3856,92
3857,69
3858,69
3859,69
3860,92
3861,92
3862,92
3863,92
3864,69
3865,69
3866,92
3867,92
3868,92
3869,69
3870,69
3871,92
3872,92
3873,92
3874,92
3875,92
3876,22
3877,22
3878,69
3879,69
3880,69
3881,92
3882,92
3883,92
3884,92
3885,92
3886,92
3887,69
3888,69
3889,69
3890,69
3891,92
3892,92
3893,92
3894,92
3895,92
3896,69
3897,69
3898,69
3899,69
3900,92
3901,92
3902,92
3903,92
3904,92
3905,92
3906,92
3907,115
3908,115
3909,115
3910,115
3911,115
3912,115
3913,115
3914,69
3915,69
3916,69
3917,69
3918,92
3919,92
3920,92
3921,92
3922,92
3923,92
3924,92
3925,8
3926,8
3927,8
3928,8
3929,8
3930,8
3931,8
3932,8
3933,8
3934,115
3935,115
3936,115
3937,115
3938,92
3939,92
3940,8
3941,8
3942,8
3943,115
3944,115
3945,22
3946,22
3947,22
3948,22
3949,22
3950,22
3951,22
3952,22
3953,22
3954,22
3955,22
3956,92
3957,8
3958,8
3959,8
3960,115
3961,115
3962,115
3963,92
3964,8
3965,8
3966,115
3967,115
3968,92
3969,92
3970,8
3971,8
3972,115
3973,115
3974,115
3975,92
3976,92
3977,8
3978,8
3979,8
3980,115
3981,115
3982,92
3983,92
3984,92
3985,92
3986,8
3987,8
3988,8
3989,115
3990,115
3991,115
3992,92
3993,8
3994,8
3995,8
3996,115
3997,115
3998,115
3999,115
4000,115
4001,115
4002,114
4003,92
4004,92
4005,8
4006,8
4007,8
4008,115
4009,115
4010,115
4011,115
4012,115
4013,115
4014,92
4015,8
4016,8
4017,8
4018,8
4019,115
4020,115
4021,115
4022,115
4023,115
4024,115
4025,115
4026,8
4027,8
4028,8
4029,8
4030,115
4031,115
4032,115
4033,115
4034,115
4035,115
4036,115
4037,8
4038,8
4039,8
4040,115
4041,115
4042,115
4043,115
4044,115
4045,8
4046,8
4047,8
4048,8
4049,115
4050,115
4051,115
4052,115
4053,115
4054,19
4055,19
4056,8
4057,8
4058,8
4059,115
4060,115
4061,115
4062,115
4063,19
4064,19
4065,19
4066,2
4067,8
4068,8
4069,8
4070,8
4071,115
4072,115
4073,115
4074,19
4075,19
4076,19
4077,2
4078,2
4079,2
4080,2
4081,2
4082,2
4083,8
4084,8
4085,8
4086,8
4087,115
4088,115
4089,115
4090,115
4091,115
4092,19
4093,19
4094,19
4095,19
4096,114
4097,2
4098,2
4099,2
4100,2
4101,2
4102,8
4103,8
4104,8
4105,8
4106,115
4107,115
4108,115
4109,115
4110,115
4111,19
4112,19
4113,19
4114,19
4115,19
4116,114
4117,2
4118,2
4119,2
4120,2
4121,2
4122,8
4123,8
4124,8
4125,8
4126,8
4127,8
4128,115
4129,115
4130,115
4131,115
4132,115
4133,115
4134,19
4135,19
4136,19
4137,19
4138,77
4139,77
4140,77
4141,114
4142,2
4143,2
4144,2
4145,8
4146,8
4147,8
4148,8
4149,8
4150,8
4151,8
4152,8
4153,8
4154,115
4155,115
4156,115
4157,115
4158,115
4159,115
4160,115
4161,115
4162,115
4163,19
4164,19
4165,77
4166,77
4167,114
4168,2
4169,2
4170,2
4171,2
4172,2
4173,8
4174,19
4175,19
4176,77
4177,77
4178,114
4179,2
4180,2
4181,2
4182,2
4183,2
4184,19
4185,19
4186,19
4187,77
4188,77
4189,114
4190,2
4191,2
4192,2
4193,2
4194,2
4195,2
4196,2
4197,19
4198,19
4199,77
4200,114
4201,69
4202,69
4203,2
4204,2
4205,2
4206,2
4207,2
4208,2
4209,8
4210,19
4211,19
4212,77
4213,77
4214,69
4215,69
4216,2
4217,2
4218,2
4219,2
4220,2
4221,2
4222,2
4223,2
4224,8
4225,19
4226,19
4227,77
4228,77
4229,69
4230,69
4231,2
4232,2
4233,2
4234,2
4235,2
4236,2
4237,2
4238,8
4239,115
4240,19
4241,19
4242,77
4243,77
4244,77
4245,114
4246,69
4247,2
4248,2
4249,2
4250,2
4251,2
4252,2
4253,2
4254,2
4255,115
4256,19
4257,19
4258,19
4259,77
4260,77
4261,114
4262,69
4263,69
4264,2
4265,2
4266,2
4267,2
4268,2
4269,2
4270,2
4271,2
4272,2
4273,115
4274,19
4275,19
4276,19
4277,77
4278,77
4279,77
4280,69
4281,69
4282,2
4283,2
4284,2
4285,2
4286,2
4287,2
4288,2
4289,2
4290,2
4291,115
4292,19
4293,19
4294,19
4295,19
4296,19
4297,19
4298,77
4299,77
4300,77
4301,69
4302,69
4303,2
4304,2
4305,2
4306,2
4307,2
4308,2
4309,2
4310,2
4311,2
4312,19
4313,19
4314,19
4315,19
4316,19
4317,77
4318,77
4319,77
4320,77
4321,69
4322,69
4323,69
4324,2
4325,2
4326,2
4327,2
4328,2
4329,2
4330,2
4331,2
4332,2
4333,2
4334,19
4335,19
4336,19
4337,19
4338,19
4339,19
4340,77
4341,77
4342,77
4343,77
4344,69
4345,69
4346,2
4347,2
4348,2
4349,2
4350,2
4351,2
4352,2
4353,2
4354,2
4355,2
4356,19
4357,19
4358,19
4359,19
4360,19
4361,77
4362,77
4363,77
4364,77
4365,77
4366,69
4367,69
4368,69
4369,2
4370,2
4371,2
4372,19
4373,19
4374,19
4375,19
4376,19
4377,19
4378,19
4379,77
4380,77
4381,77
4382,77
4383,77
4384,77
4385,114
4386,114
4387,33
4388,69
4389,69
4390,2
4391,2
4392,2
4393,19
4394,19
4395,19
4396,19
4397,19
4398,19
4399,19
4400,19
4401,19
4402,77
4403,77
4404,77
4405,77
4406,114
4407,114
4408,69
4409,69
4410,69
4411,2
4412,2
4413,2
4414,19
4415,19
4416,19
4417,19
4418,19
4419,19
4420,19
4421,19
4422,77
4423,77
4424,77
4425,77
4426,77
4427,77
4428,114
4429,114
4430,114
4431,33
4432,69
4433,69
4434,69
4435,2
4436,2
4437,19
4438,19
4439,19
4440,19
4441,19
4442,19
4443,19
4444,19
4445,19
4446,77
4447,77
4448,77
4449,77
4450,77
4451,77
4452,114
4453,114
4454,69
4455,69
4456,69
4457,2
4458,19
4459,19
4460,19
4461,19
4462,19
4463,19
4464,19
4465,19
4466,19
4467,19
4468,19
4469,19
4470,19
4471,77
4472,77
4473,77
4474,77
4475,77
4476,77
4477,77
4478,77
4479,77
4480,114
4481,114
4482,114
4483,33
4484,69
4485,69
4486,69
4487,69
4488,2
4489,2
4490,2
4491,2
4492,2
4493,2
4494,2
4495,2
4496,2
4497,19
4498,19
4499,19
4500,19
4501,19
4502,19
4503,19
4504,19
4505,19
4506,19
4507,19
4508,19
4509,19
4510,19
4511,19
4512,19
4513,77
4514,77
4515,77
4516,77
4517,77
4518,77
4519,77
4520,77
4521,77
4522,77
4523,114
4524,114
4525,33
4526,33
4527,69
4528,69
4529,69
4530,69
4531,69
4532,2
4533,2
4534,2
4535,19
4536,19
4537,19
4538,19
4539,19
4540,19
4541,19
4542,19
4543,19
4544,19
4545,19
4546,77
4547,77
4548,77
4549,77
4550,77
4551,77
4552,77
4553,114
4554,33
4555,33
4556,33
4557,33
4558,2
4559,19
4560,19
4561,19
4562,77
4563,114
4564,114
4565,19
4566,19
4567,19
4568,114
4569,114
4570,19
4571,19
4572,33
4573,19
4574,8
4575,8
4576,93
4577,93
4578,8
4579,93
4580,19
4581,93
4582,93
4583,93
4584,93
4585,93
4586,93
4587,19
4588,93
4589,62
4590,93
4591,93
4592,62
4593,62
4594,62
4595,94
4596,94
4597,94
4598,117
4599,6
4600,6
4601,6
4602,6
4603,26
4604,6
4605,6
4606,93
4607,15
4608,93
4609,15
4610,15
4611,15
4612,6
4613,62
4614,93
4615,93
4616,6
4617,62
4618,93
4619,93
4620,6
4621,6
4622,62
4623,93
4624,93
4625,93
4626,72
4627,93
4628,93
4629,26
4630,26
4631,72
4632,93
4633,93
4634,117
4635,94
4636,72
4637,72
4638,93
4639,93
4640,94
4641,94
4642,26
4643,72
4644,93
4645,93
4646,10
4647,94
4648,26
4649,26
4650,93
4651,57
4652,10
4653,10
4654,10
4655,10
4656,10
4657,10
4658,55
4659,55
4660,55
4661,55
4662,55
4663,55
4664,27
4665,27
4666,27
4667,94
4668,94
4669,110
4670,110
4671,26
4672,26
4673,61
4674,93
4675,10
4676,10
4677,10
4678,10
4679,10
4680,10
4681,10
4682,10
4683,10
4684,10
4685,10
4686,55
4687,55
4688,55
4689,27
4690,27
4691,27
4692,27
4693,27
4694,27
4695,27
4696,27
4697,27
4698,27
4699,27
4700,27
4701,27
4702,27
4703,27
4704,27
4705,117
4706,117
4707,94
4708,94
4709,94
4710,26
4711,26
4712,26
4713,26
4714,26
4715,26
4716,26
4717,61
4718,61
4719,61
4720,61
4721,61
4722,61
4723,61
4724,61
4725,61
4726,57
4727,117
4728,94
4729,94
4730,94
4731,110
4732,110
4733,61
4734,61
4735,61
4736,61
4737,61
4738,61
4739,61
4740,61
4741,61
4742,61
4743,117
4744,117
4745,94
4746,94
4747,94
4748,61
4749,61
4750,4
4751,10
4752,117
4753,94
4754,94
4755,110
4756,61
4757,61
4758,4
4759,93
4760,117
4761,94
4762,94
4763,110
4764,110
4765,61
4766,61
4767,4
4768,4
4769,117
4770,94
4771,110
4772,61
4773,4
4774,4
4775,4
4776,4
4777,86
4778,86
4779,86
4780,57
4781,61
4782,6
4783,6
4784,80
4785,80
4786,80
4787,80
4788,80
4789,80
4790,80
4791,80
4792,4
4793,4
4794,4
4795,86
4796,86
4797,86
4798,86
4799,86
4800,57
4801,57
4802,57
4803,57
4804,57
4805,57
4806,57
4807,57
4808,57
4809,110
4810,61
4811,61
4812,61
4813,61
4814,6
4815,6
4816,6
4817,80
4818,80
4819,80
4820,80
4821,80
4822,80
4823,80
4824,80
4825,4
4826,4
4827,4
4828,4
4829,86
4830,86
4831,86
4832,86
4833,86
4834,86
4835,15
4836,57
4837,117
4838,94
4839,26
4840,26
4841,26
4842,26
4843,26
4844,61
4845,61
4846,61
4847,61
4848,61
4849,61
4850,61
4851,61
4852,61
4853,61
4854,61
4855,61
4856,6
4857,6
4858,6
4859,6
4860,80
4861,80
4862,80
4863,80
4864,80
4865,80
4866,80
4867,80
4868,80
4869,80
4870,4
4871,4
4872,4
4873,4
4874,4
4875,86
4876,86
4877,86
4878,86
4879,86
4880,86
4881,86
4882,15
4883,57
4884,10
4885,10
4886,10
4887,10
4888,10
4889,27
4890,27
4891,27
4892,117
4893,26
4894,26
4895,26
4896,61
4897,61
4898,61
4899,61
4900,61
4901,61
4902,61
4903,6
4904,6
4905,6
4906,6
4907,6
4908,62
4909,62
4910,80
4911,80
4912,80
4913,80
4914,80
4915,80
4916,80
4917,80
4918,80
4919,4
4920,4
4921,4
4922,4
4923,4
4924,86
4925,86
4926,86
4927,86
4928,86
4929,86
4930,86
4931,86
4932,86
4933,86
4934,15
4935,57
4936,10
4937,10
4938,10
4939,27
4940,27
4941,27
4942,117
4943,117
4944,26
4945,26
4946,26
4947,61
4948,61
4949,61
4950,61
4951,61
4952,61
4953,6
4954,6
4955,6
4956,6
4957,6
4958,62
4959,62
4960,62
4961,62
4962,80
4963,80
4964,80
4965,80
4966,80
4967,80
4968,4
4969,4
4970,4
4971,4
4972,4
4973,4
4974,4
4975,86
4976,86
4977,86
4978,86
4979,86
4980,86
4981,86
4982,86
4983,86
4984,86
4985,15
4986,15
4987,15
4988,10
4989,10
4990,55
4991,27
4992,27
4993,27
4994,27
4995,117
4996,117
4997,117
4998,26
4999,26
5000,26
5001,61
5002,61
5003,61
5004,61
5005,61
5006,6
5007,6
5008,6
5009,6
5010,6
5011,6
5012,6
5013,62
5014,62
5015,62
5016,80
5017,80
5018,80
5019,80
5020,80
5021,80
5022,80
5023,4
5024,4
5025,4
5026,4
5027,4
5028,86
5029,86
5030,86
5031,86
5032,86
5033,86
5034,86
5035,86
5036,15
5037,15
5038,15
5039,15
5040,15
5041,15
5042,15
5043,15
5044,15
5045,15
5046,15
5047,10
5048,10
5049,55
5050,27
5051,27
5052,117
5053,26
5054,26
5055,26
5056,26
5057,61
5058,61
5059,61
5060,61
5061,6
5062,6
5063,6
5064,6
5065,6
5066,6
5067,6
5068,62
5069,62
5070,62
5071,80
5072,80
5073,80
5074,80
5075,80
5076,80
5077,80
5078,80
5079,4
5080,4
5081,86
5082,86
5083,86
5084,86
5085,86
5086,86
5087,86
5088,86
5089,15
5090,15
5091,15
5092,15
5093,15
5094,15
5095,15
5096,15
5097,15
5098,15
5099,15
5100,15
5101,15
5102,15
5103,15
5104,15
5105,15
5106,15
5107,15
5108,15
5109,15
5110,10
5111,10
5112,10
5113,55
5114,27
5115,27
5116,94
5117,26
5118,26
5119,26
5120,26
5121,61
5122,61
5123,61
5124,61
5125,6
5126,6
5127,6
5128,6
5129,6
5130,6
5131,62
5132,62
5133,80
5134,80
5135,80
5136,80
5137,80
5138,4
5139,4
5140,4
5141,4
5142,86
5143,86
5144,86
5145,86
5146,86
5147,86
5148,86
5149,15
5150,15
5151,15
5152,15
5153,15
5154,15
5155,15
5156,15
5157,15
5158,15
5159,15
5160,15
5161,15
5162,15
5163,15
5164,15
5165,15
5166,15
5167,15
5168,15
5169,15
5170,15
5171,10
5172,10
5173,55
5174,55
5175,27
5176,27
5177,27
5178,94
5179,26
5180,26
5181,26
5182,61
5183,61
5184,61
5185,61
5186,61
5187,61
5188,6
5189,6
5190,6
5191,6
5192,6
5193,6
5194,6
5195,62
5196,62
5197,62
5198,62
5199,62
5200,62
5201,80
5202,80
5203,80
5204,80
5205,80
5206,80
5207,80
5208,80
5209,4
5210,4
5211,4
5212,86
5213,86
5214,86
5215,86
5216,86
5217,86
5218,86
5219,15
5220,15
5221,15
5222,15
5223,15
5224,15
5225,15
5226,15
5227,15
5228,15
5229,15
5230,15
5231,15
5232,15
5233,10
5234,10
5235,55
5236,55
5237,55
5238,27
5239,27
5240,27
5241,94
5242,26
5243,26
5244,26
5245,26
5246,61
5247,61
5248,61
5249,54
5250,54
5251,54
5252,6
5253,6
5254,6
5255,6
5256,6
5257,6
5258,62
5259,62
5260,62
5261,62
5262,62
5263,62
5264,80
5265,80
5266,80
5267,80
5268,80
5269,80
5270,80
5271,80
5272,4
5273,4
5274,4
5275,4
5276,4
5277,86
5278,86
5279,86
5280,86
5281,86
5282,86
5283,10
5284,10
5285,55
5286,55
5287,27
5288,27
5289,27
5290,117
5291,94
5292,94
5293,26
5294,26
5295,26
5296,26
5297,61
5298,61
5299,54
5300,54
5301,54
5302,54
5303,54
5304,6
5305,6
5306,6
5307,6
5308,6
5309,62
5310,62
5311,62
5312,62
5313,62
5314,62
5315,62
5316,80
5317,80
5318,80
5319,80
5320,80
5321,80
5322,80
5323,80
5324,4
5325,4
5326,4
5327,4
5328,86
5329,86
5330,86
5331,86
5332,86
5333,86
5334,86
5335,86
5336,10
5337,10
5338,10
5339,55
5340,55
5341,27
5342,27
5343,27
5344,117
5345,26
5346,26
5347,26
5348,26
5349,54
5350,54
5351,54
5352,54
5353,54
5354,54
5355,54
5356,54
5357,6
5358,6
5359,6
5360,6
5361,62
5362,62
5363,62
5364,62
5365,80
5366,80
5367,80
5368,80
5369,80
5370,80
5371,80
5372,4
5373,4
5374,4
5375,4
5376,86
5377,86
5378,86
5379,86
5380,86
5381,86
5382,86
5383,86
5384,57
5385,10
5386,10
5387,10
5388,55
5389,55
5390,55
5391,55
5392,27
5393,27
5394,27
5395,27
5396,26
5397,26
5398,26
5399,26
5400,54
5401,54
5402,54
5403,54
5404,54
5405,54
5406,54
5407,54
5408,54
5409,54
5410,6
5411,6
5412,62
5413,62
5414,62
5415,62
5416,62
5417,80
5418,80
5419,80
5420,80
5421,80
5422,80
5423,80
5424,4
5425,4
5426,4
5427,4
5428,4
5429,86
5430,86
5431,86
5432,86
5433,86
5434,86
5435,86
5436,86
5437,57
5438,10
5439,10
5440,55
5441,55
5442,55
5443,27
5444,27
5445,27
5446,27
5447,26
5448,26
5449,26
5450,26
5451,54
5452,54
5453,54
5454,54
5455,54
5456,54
5457,54
5458,54
5459,54
5460,54
5461,54
5462,6
5463,6
5464,62
5465,62
5466,62
5467,62
5468,62
5469,80
5470,80
5471,80
5472,80
5473,80
5474,80
5475,80
5476,4
5477,4
5478,4
5479,4
5480,4
5481,4
5482,86
5483,86
5484,86
5485,86
5486,86
5487,86
5488,86
5489,15
5490,15
5491,15
5492,15
5493,15
5494,15
5495,57
5496,57
5497,57
5498,57
5499,57
5500,57
5501,57
5502,57
5503,57
5504,57
5505,57
5506,10
5507,10
5508,55
5509,55
5510,55
5511,27
5512,27
5513,27
5514,26
5515,26
5516,26
5517,26
5518,26
5519,54
5520,54
5521,54
5522,54
5523,54
5524,54
5525,54
5526,54
5527,54
5528,54
5529,54
5530,54
5531,6
5532,6
5533,62
5534,62
5535,62
5536,62
5537,80
5538,80
5539,80
5540,80
5541,80
5542,80
5543,4
5544,4
5545,4
5546,4
5547,4
5548,4
5549,86
5550,86
5551,86
5552,86
5553,86
5554,86
5555,86
5556,15
5557,15
5558,15
5559,15
5560,15
5561,57
5562,57
5563,57
5564,57
5565,57
5566,10
5567,10
5568,10
5569,55
5570,55
5571,55
5572,27
5573,27
5574,26
5575,26
5576,26
5577,26
5578,26
5579,54
5580,54
5581,54
5582,54
5583,54
5584,54
5585,54
5586,54
5587,54
5588,54
5589,54
5590,6
5591,6
5592,62
5593,62
5594,62
5595,62
5596,62
5597,80
5598,80
5599,80
5600,80
5601,80
5602,4
5603,4
5604,4
5605,4
5606,4
5607,4
5608,86
5609,86
5610,86
5611,86
5612,86
5613,86
5614,15
5615,15
5616,15
5617,15
5618,15
5619,15
5620,57
5621,57
5622,57
5623,10
5624,10
5625,55
5626,55
5627,55
5628,27
5629,27
5630,110
5631,26
5632,26
5633,26
5634,26
5635,26
5636,26
5637,26
5638,54
5639,54
5640,54
5641,54
5642,54
5643,54
5644,54
5645,54
5646,54
5647,54
5648,54
5649,54
5650,6
5651,6
5652,6
5653,62
5654,62
5655,62
5656,62
5657,62
5658,80
5659,80
5660,80
5661,80
5662,80
5663,4
5664,4
5665,4
5666,4
5667,4
5668,86
5669,86
5670,86
5671,86
5672,86
5673,86
5674,86
5675,15
5676,15
5677,57
5678,57
5679,57
5680,57
5681,57
5682,10
5683,10
5684,10
5685,55
5686,55
5687,55
5688,27
5689,27
5690,27
5691,117
5692,117
5693,110
5694,26
5695,26
5696,26
5697,26
5698,26
5699,26
5700,26
5701,54
5702,54
5703,54
5704,54
5705,54
5706,54
5707,54
5708,54
5709,54
5710,54
5711,54
5712,54
5713,54
5714,54
5715,54
5716,62
5717,62
5718,62
5719,62
5720,62
5721,62
5722,62
5723,62
5724,80
5725,80
5726,80
5727,80
5728,80
5729,80
5730,4
5731,4
5732,4
5733,4
5734,4
5735,4
5736,4
5737,4
5738,4
5739,86
5740,86
5741,86
5742,86
5743,86
5744,86
5745,86
5746,86
5747,15
5748,15
5749,15
5750,57
5751,57
5752,57
5753,10
5754,10
5755,10
5756,10
5757,10
5758,10
5759,10
5760,55
5761,55
5762,55
5763,27
5764,27
5765,27
5766,27
5767,27
5768,117
5769,117
5770,117
5771,117
5772,26
5773,26
5774,26
5775,26
5776,26
5777,26
5778,26
5779,54
5780,54
5781,54
5782,54
5783,54
5784,54
5785,54
5786,54
5787,54
5788,54
5789,54
5790,54
5791,54
5792,54
5793,54
5794,62
5795,62
5796,62
5797,62
5798,62
5799,62
5800,62
5801,80
5802,80
5803,80
5804,80
5805,80
5806,80
5807,80
5808,80
5809,80
5810,4
5811,4
5812,4
5813,4
5814,4
5815,4
5816,86
5817,86
5818,86
5819,86
5820,86
5821,86
5822,15
5823,15
5824,57
5825,57
5826,57
5827,57
5828,10
5829,10
5830,10
5831,55
5832,27
5833,27
5834,27
5835,27
5836,27
5837,117
5838,117
5839,26
5840,26
5841,26
5842,26
5843,26
5844,26
5845,26
5846,54
5847,54
5848,54
5849,54
5850,54
5851,54
5852,54
5853,54
5854,80
5855,80
5856,15
5857,15
5858,57
5859,57
5860,57
5861,57
5862,57
5863,55
5864,117
5865,117
5866,54
5867,54
5868,15
5869,15
5870,57
5871,57
5872,57
5873,57
5874,117
5875,54
5876,54
5877,6
5878,15
5879,15
5880,15
5881,57
5882,57
5883,57
5884,57
5885,57
5886,57
5887,54
5888,54
5889,54
5890,6
5891,15
5892,15
5893,15
5894,15
5895,57
5896,57
5897,57
5898,27
5899,27
5900,54
5901,54
5902,54
5903,54
5904,54
5905,54
5906,54
5907,6
5908,15
5909,15
5910,15
5911,57
5912,57
5913,57
5914,27
5915,117
5916,54
5917,54
5918,54
5919,54
5920,54
5921,54
5922,54
5923,54
5924,54
5925,6
5926,15
5927,15
5928,15
5929,57
5930,57
5931,26
5932,54
5933,54
5934,54
5935,54
5936,54
5937,54
5938,54
5939,54
5940,54
5941,54
5942,54
5943,6
5944,15
5945,15
5946,15
5947,15
5948,57
5949,57
5950,57
5951,57
5952,54
5953,54
5954,54
5955,6
5956,15
5957,15
5958,15
5959,15
5960,57
5961,57
5962,57
5963,57
5964,57
5965,94
5966,54
5967,6
5968,72
5969,72
5970,15
5971,15
5972,15
5973,15
5974,57
5975,57
5976,57
5977,57
5978,57
5979,94
5980,110
5981,110
5982,6
5983,6
5984,72
5985,72
5986,72
5987,72
5988,15
5989,15
5990,15
5991,15
5992,57
5993,57
5994,57
5995,57
5996,57
5997,57
5998,94
5999,94
6000,94
6001,94
6002,110
6003,110
6004,54
6005,6
6006,6
6007,72
6008,72
6009,72
6010,72
6011,72
6012,15
6013,15
6014,15
6015,15
6016,15
6017,15
6018,15
6019,57
6020,57
6021,57
6022,57
6023,57
6024,57
6025,57
6026,57
6027,94
6028,94
6029,94
6030,94
6031,94
6032,110
6033,6
6034,6
6035,72
6036,72
6037,72
6038,72
6039,72
6040,72
6041,72
6042,15
6043,15
6044,15
6045,15
6046,15
6047,15
6048,15
6049,15
6050,15
6051,15
6052,57
6053,57
6054,57
6055,57
6056,57
6057,57
6058,57
6059,57
6060,57
6061,57
6062,57
6063,57
6064,94
6065,94
6066,94
6067,6
6068,6
6069,72
6070,72
6071,72
6072,72
6073,72
6074,72
6075,15
6076,15
6077,15
6078,15
6079,15
6080,15
6081,15
6082,15
6083,57
6084,57
6085,57
6086,57
6087,57
6088,57
6089,57
6090,94
6091,94
6092,94
6093,6
6094,6
6095,72
6096,72
6097,72
6098,72
6099,72
6100,57
6101,57
6102,94
6103,94
6104,110
6105,6
6106,6
6107,72
6108,72
6109,72
6110,72
6111,72
6112,72
6113,94
6114,94
6115,94
6116,94
6117,94
6118,94
6119,94
6120,94
6121,110
6122,110
6123,110
6124,110
6125,110
6126,6
6127,6
6128,72
6129,72
6130,72
6131,72
6132,72
6133,72
6134,72
6135,72
6136,72
6137,94
6138,94
6139,94
6140,94
6141,94
6142,110
6143,110
6144,110
6145,110
6146,110
6147,6
6148,6
6149,6
6150,72
6151,72
6152,72
6153,72
6154,94
6155,94
6156,94
6157,94
6158,110
6159,110
6160,110
6161,6
6162,72
6163,72
6164,72
6165,94
6166,94
6167,94
6168,110
6169,110
6170,110
6171,6
6172,72
6173,72
6174,72
6175,94
6176,94
6177,94
6178,94
6179,94
6180,110
6181,110
6182,110
6183,6
6184,72
6185,72
6186,72
6187,72
6188,57
6189,94
6190,94
6191,94
6192,94
6193,94
6194,110
6195,110
6196,6
6197,72
6198,72
6199,72
6200,72
6201,72
6202,72
6203,94
6204,94
6205,94
6206,94
6207,94
6208,94
6209,110
6210,110
6211,110
6212,110
6213,6
6214,72
6215,72
6216,72
6217,72
6218,72
6219,72
6220,72
6221,72
6222,72
6223,72
6224,94
6225,94
6226,94
6227,94
6228,94
6229,110
6230,110
6231,110
6232,72
6233,72
6234,72
6235,72
6236,72
6237,72
6238,72
6239,72
6240,72
6241,72
6242,72
6243,94
6244,94
6245,94
6246,94
6247,94
6248,110
6249,110
6250,110
6251,110
6252,72
6253,72
6254,72
6255,72
6256,72
6257,72
6258,72
6259,72
6260,72
6261,72
6262,72
6263,72
6264,72
6265,94
6266,94
6267,94
6268,94
6269,94
6270,110
6271,110
6272,110
6273,110
6274,72
6275,72
6276,72
6277,72
6278,72
6279,72
6280,72
6281,72
6282,72
6283,72
6284,72
6285,72
6286,94
6287,94
6288,94
6289,94
6290,110
6291,110
6292,110
6293,72
6294,72
6295,72
6296,72
6297,72
6298,72
6299,72
6300,72
6301,72
6302,72
6303,72
6304,94
6305,94
6306,94
6307,94
6308,94
6309,94
6310,110
6311,110
6312,110
6313,110
6314,72
6315,72
6316,72
6317,72
6318,72
6319,72
6320,72
6321,72
6322,72
6323,72
6324,94
6325,94
6326,94
6327,94
6328,94
6329,94
6330,94
6331,110
6332,110
6333,110
6334,110
6335,110
6336,110
6337,72
6338,72
6339,72
6340,72
6341,72
6342,72
6343,72
6344,72
6345,72
6346,72
6347,94
6348,94
6349,94
6350,94
6351,94
6352,94
6353,94
6354,94
6355,110
6356,110
6357,110
6358,110
6359,110
6360,72
6361,72
6362,72
6363,72
6364,72
6365,72
6366,72
6367,72
6368,72
6369,72
6370,94
6371,94
6372,94
6373,94
6374,94
6375,94
6376,94
6377,94
6378,94
6379,94
6380,110
6381,110
6382,72
6383,72
6384,72
6385,72
6386,72
6387,72
6388,72
6389,72
6390,72
6391,72
6392,72
6393,72
6394,94
6395,94
6396,94
6397,94
6398,94
6399,94
6400,94
6401,94
6402,94
6403,94
6404,94
6405,94
6406,110
6407,110
6408,110
6409,110
6410,72
6411,72
6412,72
6413,72
6414,72
6415,72
6416,72
6417,72
6418,72
6419,94
6420,94
6421,94
6422,110
6423,110
6424,110
6425,110
6426,110
6427,72
6428,72
6429,72
6430,72
6431,72
6432,30
6433,30
6434,30
6435,60
6436,60
6437,60
6438,30
6439,30
6440,60
6441,60
6442,60
6443,60
6444,60
6445,60
6446,60
6447,60
6448,30
6449,30
6450,30
6451,30
6452,30
6453,30
6454,30
6455,30
6456,30
6457,60
6458,60
6459,60
6460,60
6461,60
6462,60
6463,60
6464,60
6465,60
6466,60
6467,30
6468,30
6469,30
6470,30
6471,30
6472,30
6473,30
6474,60
6475,60
6476,60
6477,60
6478,60
6479,60
6480,60
6481,60
6482,60
6483,60
6484,60
6485,30
6486,30
6487,30
6488,30
6489,30
6490,30
6491,30
6492,60
6493,60
6494,60
6495,60
6496,30
6497,30
6498,30
6499,30
6500,30
6501,30
6502,30
6503,30
6504,30
6505,30
6506,60
6507,60
6508,60
6509,60
6510,30
6511,30
6512,30
6513,30
6514,30
6515,30
6516,30
6517,30
6518,30
6519,30
6520,30
6521,30
6522,30
6523,30
6524,60
6525,60
6526,60
6527,60
6528,60
6529,60
6530,60
6531,43
6532,30
6533,30
6534,30
6535,30
6536,30
6537,30
6538,30
6539,30
6540,30
6541,30
6542,30
6543,30
6544,30
6545,60
6546,60
6547,60
6548,60
6549,60
6550,60
6551,60
6552,60
6553,43
6554,43
6555,43
6556,43
6557,43
6558,43
6559,43
6560,43
6561,43
6562,43
6563,1
6564,30
6565,30
6566,30
6567,30
6568,30
6569,30
6570,30
6571,30
6572,30
6573,30
6574,30
6575,60
6576,60
6577,60
6578,60
6579,60
6580,60
6581,60
6582,60
6583,60
6584,43
6585,43
6586,43
6587,1
6588,30
6589,30
6590,30
6591,30
6592,30
6593,30
6594,30
6595,30
6596,30
6597,30
6598,30
6599,60
6600,60
6601,60
6602,60
6603,60
6604,60
6605,60
6606,60
6607,60
6608,30
6609,30
6610,30
6611,30
6612,30
6613,30
6614,30
6615,30
6616,30
6617,30
6618,30
6619,30
6620,60
6621,60
6622,60
6623,60
6624,60
6625,60
6626,60
6627,60
6628,30
6629,30
6630,30
6631,30
6632,30
6633,30
6634,30
6635,30
6636,30
6637,30
6638,60
6639,60
6640,60
6641,60
6642,60
6643,60
6644,60
6645,30
6646,30
6647,30
6648,30
6649,30
6650,30
6651,30
6652,30
6653,30
6654,30
6655,30
6656,30
6657,60
6658,60
6659,60
6660,60
6661,60
6662,30
6663,30
6664,30
6665,30
6666,30
6667,30
6668,30
6669,30
6670,60
6671,60
6672,30
6673,30
6674,30
6675,30
6676,30
6677,30
6678,1
6679,30
6680,43
6681,43
6682,43
6683,43
6684,43
6685,30
6686,43
6687,43
6688,43
6689,43
6690,43
6691,43
6692,1
6693,1
6694,1
6695,1
6696,30
6697,43
6698,43
6699,43
6700,43
6701,1
6702,1
6703,1
6704,95
6705,0
6706,30
6707,43
6708,43
6709,43
6710,43
6711,43
6712,1
6713,1
6714,1
6715,95
6716,0
6717,30
6718,43
6719,43
6720,43
6721,43
6722,1
6723,1
6724,0
6725,0
6726,0
6727,30
6728,43
6729,43
6730,43
6731,43
6732,1
6733,1
6734,1
6735,1
6736,30
6737,43
6738,43
6739,43
6740,43
6741,1
6742,1
6743,9
6744,0
6745,0
6746,0
6747,43
6748,43
6749,43
6750,43
6751,1
6752,9
6753,9
6754,0
6755,0
6756,0
6757,0
6758,0
6759,43
6760,43
6761,43
6762,1
6763,1
6764,1
6765,9
6766,9
6767,9
6768,95
6769,95
6770,0
6771,0
6772,0
6773,0
6774,0
6775,0
6776,0
6777,43
6778,43
6779,43
6780,43
6781,1
6782,1
6783,1
6784,1
6785,9
6786,9
6787,9
6788,9
6789,95
6790,95
6791,95
6792,95
6793,95
6794,0
6795,0
6796,0
6797,0
6798,0
6799,0
6800,0
6801,0
6802,43
6803,43
6804,43
6805,43
6806,1
6807,1
6808,9
6809,9
6810,9
6811,9
6812,9
6813,9
6814,95
6815,95
6816,0
6817,0
6818,0
6819,0
6820,0
6821,0
6822,0
6823,0
6824,0
6825,43
6826,43
6827,43
6828,1
6829,1
6830,1
6831,95
6832,95
6833,0
6834,0
6835,0
6836,0
6837,0
6838,0
6839,0
6840,43
6841,43
6842,43
6843,43
6844,1
6845,1
6846,1
6847,1
6848,91
6849,91
6850,91
6851,91
6852,91
6853,95
6854,95
6855,0
6856,0
6857,0
6858,0
6859,0
6860,0
6861,0
6862,43
6863,43
6864,43
6865,43
6866,1
6867,1
6868,1
6869,16
6870,16
6871,16
6872,16
6873,91
6874,91
6875,91
6876,91
6877,95
6878,95
6879,95
6880,0
6881,0
6882,0
6883,0
6884,0
6885,0
6886,46
6887,46
6888,46
6889,43
6890,43
6891,43
6892,43
6893,1
6894,1
6895,1
6896,1
6897,16
6898,16
6899,16
6900,16
6901,16
6902,16
6903,16
6904,16
6905,16
6906,16
6907,16
6908,16
6909,23
6910,23
6911,23
6912,23
6913,23
6914,23
6915,23
6916,23
6917,23
6918,23
6919,23
6920,23
6921,9
6922,9
6923,9
6924,9
6925,9
6926,9
6927,9
6928,9
6929,9
6930,9
6931,91
6932,91
6933,91
6934,95
6935,95
6936,95
6937,0
6938,0
6939,0
6940,0
6941,0
6942,0
6943,0
6944,56
6945,46
6946,46
6947,46
6948,46
6949,43
6950,43
6951,43
6952,43
6953,43
6954,43
6955,1
6956,1
6957,1
6958,1
6959,1
6960,1
6961,16
6962,16
6963,16
6964,16
6965,16
6966,16
6967,16
6968,16
6969,23
6970,23
6971,23
6972,23
6973,23
6974,23
6975,23
6976,9
6977,9
6978,9
6979,9
6980,9
6981,9
6982,9
6983,9
6984,9
6985,9
6986,9
6987,9
6988,9
6989,9
6990,9
6991,9
6992,91
6993,91
6994,91
6995,95
6996,95
6997,95
6998,0
6999,0
7000,0
7001,0
7002,0
7003,56
7004,56
7005,46
7006,46
7007,46
7008,46
7009,46
7010,43
7011,43
7012,43
7013,43
7014,43
7015,43
7016,1
7017,1
7018,1
7019,1
7020,1
7021,1
7022,1
7023,16
7024,16
7025,16
7026,16
7027,16
7028,16
7029,16
7030,23
7031,23
7032,23
7033,23
7034,23
7035,23
7036,9
7037,9
7038,9
7039,9
7040,9
7041,9
7042,9
7043,9
7044,9
7045,9
7046,91
7047,91
7048,91
7049,91
7050,87
7051,87
7052,87
7053,0
7054,0
7055,0
7056,56
7057,56
7058,56
7059,56
7060,46
7061,46
7062,46
7063,46
7064,46
7065,1
7066,16
7067,16
7068,16
7069,16
7070,16
7071,16
7072,16
7073,23
7074,23
7075,23
7076,23
7077,23
7078,23
7079,9
7080,9
7081,9
7082,9
7083,9
7084,9
7085,9
7086,9
7087,91
7088,91
7089,91
7090,87
7091,87
7092,87
7093,0
7094,0
7095,56
7096,56
7097,56
7098,56
7099,56
7100,56
7101,46
7102,46
7103,46
7104,46
7105,46
7106,46
7107,46
7108,46
7109,46
7110,1
7111,1
7112,16
7113,16
7114,16
7115,16
7116,16
7117,16
7118,23
7119,23
7120,23
7121,23
7122,9
7123,9
7124,9
7125,9
7126,9
7127,9
7128,9
7129,91
7130,91
7131,91
7132,91
7133,91
7134,87
7135,87
7136,56
7137,56
7138,56
7139,56
7140,56
7141,56
7142,56
7143,56
7144,46
7145,46
7146,46
7147,46
7148,46
7149,46
7150,46
7151,46
7152,46
7153,1
7154,16
7155,16
7156,16
7157,16
7158,16
7159,23
7160,23
7161,9
7162,9
7163,9
7164,9
7165,9
7166,9
7167,9
7168,91
7169,91
7170,91
7171,91
7172,91
7173,87
7174,87
7175,56
7176,56
7177,56
7178,56
7179,56
7180,56
7181,56
7182,56
7183,46
7184,46
7185,46
7186,46
7187,46
7188,46
7189,46
7190,1
7191,16
7192,16
7193,16
7194,16
7195,16
7196,23
7197,23
7198,23
7199,23
7200,9
7201,9
7202,9
7203,9
7204,9
7205,9
7206,91
7207,91
7208,91
7209,91
7210,87
7211,87
7212,87
7213,56
7214,56
7215,56
7216,56
7217,56
7218,56
7219,56
7220,46
7221,46
7222,46
7223,46
7224,46
7225,46
7226,46
7227,1
7228,16
7229,16
7230,16
7231,16
7232,16
7233,23
7234,23
7235,23
7236,23
7237,9
7238,9
7239,9
7240,9
7241,9
7242,9
7243,91
7244,91
7245,87
7246,87
7247,87
7248,87
7249,87
7250,56
7251,56
7252,56
7253,56
7254,56
7255,46
7256,46
7257,46
7258,46
7259,46
7260,46
7261,46
7262,46
7263,16
7264,16
7265,16
7266,16
7267,16
7268,23
7269,23
7270,23
7271,23
7272,23
7273,9
7274,9
7275,9
7276,9
7277,9
7278,91
7279,91
7280,91
7281,87
7282,87
7283,87
7284,87
7285,87
7286,87
7287,87
7288,56
7289,56
7290,56
7291,46
7292,46
7293,46
7294,46
7295,46
7296,46
7297,46
7298,46
7299,16
7300,16
7301,16
7302,16
7303,16
7304,23
7305,23
7306,23
7307,23
7308,9
7309,9
7310,9
7311,9
7312,9
7313,91
7314,91
7315,87
7316,87
7317,87
7318,56
7319,56
7320,56
7321,46
7322,46
7323,46
7324,46
7325,46
7326,46
7327,46
7328,16
7329,16
7330,16
7331,16
7332,16
7333,23
7334,23
7335,23
7336,23
7337,23
7338,9
7339,9
7340,9
7341,9
7342,9
7343,9
7344,91
7345,91
7346,91
7347,91
7348,87
7349,87
7350,56
7351,56
7352,56
7353,56
7354,46
7355,46
7356,46
7357,46
7358,46
7359,46
7360,46
7361,46
7362,16
7363,16
7364,16
7365,16
7366,23
7367,23
7368,23
7369,23
7370,9
7371,9
7372,9
7373,9
7374,9
7375,9
7376,91
7377,91
7378,91
7379,91
7380,87
7381,87
7382,56
7383,56
7384,56
7385,46
7386,46
7387,46
7388,46
7389,46
7390,46
7391,16
7392,16
7393,16
7394,16
7395,16
7396,16
7397,23
7398,23
7399,23
7400,23
7401,23
7402,23
7403,23
7404,9
7405,9
7406,9
7407,9
7408,9
7409,9
7410,9
7411,91
7412,91
7413,91
7414,91
7415,56
7416,46
7417,46
7418,46
7419,46
7420,46
7421,46
7422,46
7423,16
7424,16
7425,16
7426,16
7427,16
7428,16
7429,16
7430,16
7431,16
7432,23
7433,23
7434,23
7435,23
7436,23
7437,23
7438,23
7439,9
7440,9
7441,9
7442,9
7443,9
7444,9
7445,9
7446,91
7447,91
7448,91
7449,91
7450,91
7451,46
7452,46
7453,46
7454,46
7455,46
7456,46
7457,46
7458,16
7459,16
7460,16
7461,16
7462,16
7463,16
7464,16
7465,16
7466,16
7467,23
7468,23
7469,23
7470,23
7471,23
7472,23
7473,23
7474,9
7475,9
7476,9
7477,9
7478,9
7479,9
7480,9
7481,9
7482,9
7483,9
7484,91
7485,91
7486,91
7487,91
7488,91
7489,91
7490,46
7491,46
7492,46
7493,46
7494,46
7495,46
7496,46
7497,46
7498,16
7499,16
7500,16
7501,16
7502,16
7503,16
7504,16
7505,16
7506,16
7507,16
7508,16
7509,16
7510,16
7511,23
7512,23
7513,23
7514,23
7515,23
7516,23
7517,23
7518,23
7519,23
7520,23
7521,23
7522,23
7523,23
7524,23
7525,23
7526,9
7527,9
7528,9
7529,9
7530,9
7531,9
7532,9
7533,9
7534,9
7535,9
7536,9
7537,9
7538,9
7539,9
7540,9
7541,9
7542,9
7543,91
7544,91
7545,91
7546,91
7547,91
7548,91
7549,91
7550,91
7551,46
7552,46
7553,46
7554,46
7555,46
7556,46
7557,46
7558,46
7559,46
7560,16
7561,23
7562,23
7563,9
7564,9
7565,9
7566,9
7567,91
7568,91
7569,91
7570,91
7571,105
7572,105
7573,105
7574,16
7575,16
7576,105
7577,105
7578,17
7579,17
7580,17
7581,16
7582,16
7583,105
7584,105
7585,105
7586,105
7587,105
7588,17
7589,17
7590,17
7591,17
7592,16
7593,105
7594,105
7595,105
7596,105
7597,105
7598,105
7599,17
7600,17
7601,17
7602,17
7603,17
7604,105
7605,105
7606,105
7607,105
7608,105
7609,17
7610,17
7611,17
7612,17
7613,17
7614,105
7615,105
7616,105
7617,105
7618,105
7619,105
7620,17
7621,17
7622,17
7623,17
7624,17
7625,105
7626,105
7627,105
7628,105
7629,105
7630,105
7631,17
7632,17
7633,17
7634,17
7635,17
7636,105
7637,105
7638,105
7639,105
7640,105
7641,105
7642,17
7643,17
7644,17
7645,17
7646,17
7647,17
7648,105
7649,105
7650,105
7651,105
7652,105
7653,105
7654,105
7655,17
7656,17
7657,17
7658,17
7659,17
7660,17
7661,17
7662,105
7663,105
7664,105
7665,105
7666,17
7667,17
7668,17
7669,17
7670,17
7671,17
7672,17
7673,16
7674,105
7675,105
7676,105
7677,105
7678,105
7679,105
7680,17
7681,17
7682,17
7683,17
7684,17
7685,17
7686,17
7687,16
7688,16
7689,105
7690,105
7691,105
7692,105
7693,105
7694,105
7695,17
7696,17
7697,17
7698,17
7699,17
7700,17
7701,105
7702,105
7703,105
7704,105
7705,105
7706,17
7707,17
7708,17
7709,17
7710,17
7711,16
7712,105
7713,105
7714,105
7715,105
7716,105
7717,105
7718,105
7719,105
7720,105
7721,105
7722,105
7723,105
7724,105
7725,105
7726,105
7727,16
7728,38
7729,52
7730,52
7731,40
7732,40
7733,38
7734,52
7735,52
7736,52
7737,3
7738,40
7739,40
7740,16
7741,38
7742,38
7743,38
7744,52
7745,52
7746,52
7747,52
7748,52
7749,52
7750,52
7751,25
7752,3
7753,40
7754,38
7755,38
7756,38
7757,52
7758,52
7759,52
7760,52
7761,58
7762,25
7763,3
7764,3
7765,3
7766,3
7767,3
7768,3
7769,17
7770,40
7771,38
7772,58
7773,58
7774,58
7775,58
7776,3
7777,40
7778,38
7779,58
7780,40
7781,58
7782,3
7783,40
7784,38
7785,38
7786,38
7787,25
7788,25
7789,3
7790,40
7791,40
7792,40
7793,40
7794,40
7795,38
7796,38
7797,52
7798,52
7799,52
7800,52
7801,52
7802,52
7803,52
7804,58
7805,25
7806,25
7807,25
7808,25
7809,25
7810,25
7811,25
7812,25
7813,3
7814,40
7815,40
7816,40
7817,40
7818,40
7819,40
7820,38
7821,38
7822,38
7823,52
7824,52
7825,52
7826,52
7827,52
7828,52
7829,52
7830,52
7831,52
7832,58
7833,25
7834,25
7835,25
7836,25
7837,25
7838,25
7839,25
7840,40
7841,40
7842,40
7843,40
7844,40
7845,38
7846,52
7847,52
7848,52
7849,58
7850,25
7851,25
7852,25
7853,25
7854,3
7855,3
7856,7
7857,40
7858,40
7859,40
7860,40
7861,38
7862,38
7863,52
7864,52
7865,58
7866,25
7867,25
7868,25
7869,3
7870,40
7871,40
7872,40
7873,38
7874,38
7875,52
7876,52
7877,52
7878,58
7879,25
7880,25
7881,25
7882,25
7883,40
7884,40
7885,40
7886,40
7887,38
7888,38
7889,38
7890,52
7891,52
7892,52
7893,52
7894,58
7895,25
7896,25
7897,25
7898,25
7899,25
7900,25
7901,25
7902,25
7903,40
7904,40
7905,40
7906,40
7907,101
7908,38
7909,38
7910,38
7911,52
7912,52
7913,52
7914,52
7915,52
7916,58
7917,25
7918,25
7919,25
7920,25
7921,25
7922,25
7923,25
7924,40
7925,40
7926,40
7927,40
7928,38
7929,38
7930,38
7931,52
7932,52
7933,52
7934,52
7935,52
7936,52
7937,52
7938,58
7939,25
7940,25
7941,25
7942,25
7943,25
7944,25
7945,25
7946,40
7947,40
7948,40
7949,40
7950,38
7951,38
7952,38
7953,52
7954,52
7955,52
7956,52
7957,52
7958,52
7959,58
7960,25
7961,25
7962,25
7963,25
7964,25
7965,25
7966,40
7967,40
7968,40
7969,40
7970,101
7971,101
7972,38
7973,38
7974,52
7975,52
7976,52
7977,52
7978,52
7979,52
7980,58
7981,58
7982,25
7983,25
7984,25
7985,25
7986,25
7987,25
7988,40
7989,40
7990,40
7991,38
7992,38
7993,38
7994,52
7995,52
7996,52
7997,52
7998,52
7999,58
8000,58
8001,25
8002,25
8003,25
8004,25
8005,40
8006,40
8007,40
8008,40
8009,40
8010,38
8011,38
8012,38
8013,52
8014,52
8015,52
8016,52
8017,52
8018,52
8019,58
8020,58
8021,25
8022,25
8023,25
8024,40
8025,40
8026,40
8027,40
8028,101
8029,101
8030,38
8031,38
8032,38
8033,38
8034,38
8035,52
8036,52
8037,52
8038,52
8039,52
8040,52
8041,58
8042,25
8043,25
8044,25
8045,25
8046,40
8047,40
8048,40
8049,40
8050,40
8051,40
8052,101
8053,38
8054,38
8055,38
8056,38
8057,38
8058,52
8059,52
8060,52
8061,52
8062,52
8063,52
8064,52
8065,58
8066,25
8067,25
8068,25
8069,25
8070,40
8071,40
8072,40
8073,40
8074,40
8075,40
8076,40
8077,101
8078,38
8079,38
8080,38
8081,38
8082,38
8083,38
8084,38
8085,38
8086,52
8087,52
8088,52
8089,52
8090,52
8091,52
8092,52
8093,52
8094,52
8095,58
8096,25
8097,25
8098,25
8099,25
8100,25
8101,25
8102,7
8103,40
8104,40
8105,40
8106,40
8107,101
8108,101
8109,101
8110,101
8111,38
8112,38
8113,38
8114,38
8115,52
8116,52
8117,52
8118,52
8119,52
8120,58
8121,25
8122,25
8123,25
8124,25
8125,3
8126,105
8127,101
8128,101
8129,101
8130,38
8131,58
8132,3
8133,7
8134,7
8135,7
8136,7
8137,101
8138,58
8139,3
8140,17
8141,17
8142,17
8143,17
8144,17
8145,7
8146,7
8147,7
8148,101
8149,101
8150,101
8151,101
8152,58
8153,3
8154,105
8155,17
8156,17
8157,17
8158,17
8159,17
8160,17
8161,17
8162,7
8163,101
8164,58
8165,105
8166,17
8167,17
8168,17
8169,17
8170,17
8171,17
8172,17
8173,17
8174,7
8175,7
8176,7
8177,7
8178,7
8179,7
8180,7
8181,7
8182,7
8183,7
8184,7
8185,7
8186,7
8187,7
8188,7
8189,7
8190,7
8191,7
8192,7
8193,7
8194,7
8195,7
8196,101
8197,17
8198,17
8199,17
8200,17
8201,17
8202,17
8203,17
8204,17
8205,17
8206,17
8207,17
8208,17
8209,7
8210,7
8211,7
8212,7
8213,7
8214,7
8215,101
8216,58
8217,105
8218,105
8219,17
8220,17
8221,17
8222,17
8223,17
8224,17
8225,17
8226,17
8227,17
8228,7
8229,101
8230,105
8231,105
8232,105
8233,105
8234,105
8235,105
8236,105
8237,17
8238,17
8239,17
8240,17
8241,17
8242,17
8243,17
8244,17
8245,17
8246,101
8247,101
8248,105
8249,105
8250,105
8251,105
8252,105
8253,105
8254,105
8255,105
8256,105
8257,17
8258,17
8259,17
8260,17
8261,17
8262,17
8263,17
8264,17
8265,101
8266,105
8267,105
8268,105
8269,105
8270,105
8271,105
8272,105
8273,17
8274,17
8275,17
8276,17
8277,17
8278,105
8279,105
8280,105
8281,105
8282,105
8283,105
8284,105
8285,105
8286,105
8287,105
8288,17
8289,17
8290,17
8291,105
8292,105
8293,105
8294,105
8295,105
8296,105
8297,105
8298,105
8299,105
8300,105
8301,17
8302,17
8303,3
8304,105
8305,105
8306,105
8307,105
8308,105
8309,105
8310,105
8311,105
8312,17
8313,17
8314,17
8315,101
8316,3
8317,105
8318,105
8319,105
8320,105
8321,105
8322,105
8323,17
8324,17
8325,101
8326,101
8327,105
8328,105
8329,105
8330,105
8331,105
8332,17
8333,17
8334,17
8335,17
8336,17
8337,17
8338,7
8339,7
8340,7
8341,101
8342,101
8343,101
8344,105
8345,105
8346,105
8347,17
8348,17
8349,17
8350,17
8351,17
8352,7
8353,7
8354,7
8355,101
8356,101
8357,101
8358,101
8359,101
8360,105
8361,105
8362,105
8363,17
8364,17
8365,17
8366,17
8367,17
8368,17
8369,7
8370,7
8371,7
8372,101
8373,101
8374,101
8375,101
8376,101
8377,105
8378,105
8379,105
8380,105
8381,105
8382,105
8383,17
8384,17
8385,17
8386,17
8387,17
8388,7
8389,7
8390,7
8391,7
8392,101
8393,101
8394,101
8395,105
8396,105
8397,105
8398,105
8399,105
8400,17
8401,17
8402,17
8403,7
8404,7
8405,7
8406,101
8407,101
8408,101
8409,7
8410,7
8411,7
8412,101
8413,101
8414,101
8415,101
8416,101
8417,101
8418,101
8419,101
8420,101
8421,101
8422,101
8423,105
8424,105
8425,7
8426,7
8427,7
8428,101
8429,101
8430,101
8431,101
8432,101
8433,105
8434,17
8435,7
8436,7
8437,7
8438,101
8439,101
8440,101
8441,101
8442,101
8443,17
8444,7
8445,7
8446,7
8447,101
8448,101
8449,101
8450,101
8451,101
8452,7
8453,7
8454,7
8455,101
8456,101
8457,101
8458,7
8459,7
8460,7
8461,7
8462,101
8463,101
8464,112
8465,7
8466,7
8467,7
8468,7
8469,101
8470,7
8471,7
8472,7
8473,7
8474,7
8475,7
8476,7
8477,7
8478,7
8479,7
8480,7
8481,7
8482,7
8483,7
8484,25
8485,7
8486,7
8487,7
8488,7
8489,7
8490,40
8491,101
8492,7
8493,40
8494,101
8495,101
8496,101
8497,101
8498,101
8499,7
8500,40
8501,40
8502,101
8503,40
8504,40
8505,40
8506,40
8507,40
8508,101
8509,101
8510,101
8511,101
8512,101
8513,101
8514,7
8515,101
8516,101
8517,101
8518,25
8519,118
8520,118
8521,101
8522,101
8523,101
8524,101
8525,101
8526,101
8527,25
8528,40
8529,40
8530,118
8531,101
8532,101
8533,101
8534,101
8535,101
8536,101
8537,101
8538,73
8539,101
8540,101
8541,101
8542,101
8543,101
8544,73
8545,101
8546,101
8547,101
8548,101
8549,101
8550,101
8551,101
8552,101
8553,101
8554,101
8555,112
8556,118
8557,101
8558,101
8559,101
8560,101
8561,101
8562,101
8563,101
8564,101
8565,101
8566,101
8567,101
8568,51
8569,51
8570,101
8571,101
8572,101
8573,101
8574,101
8575,51
8576,118
8577,101
8578,101
8579,101
8580,101
8581,101
8582,118
8583,101
8584,101
8585,101
8586,51
8587,118
8588,118
8589,101
8590,101
8591,118
8592,118
8593,101
8594,99
8595,118
8596,112
8597,112
8598,51
8599,51
8600,45
8601,118
8602,51
8603,51
8604,51
8605,112
8606,112
8607,112
8608,112
8609,112
8610,112
8611,45
8612,45
8613,45
8614,45
8615,45
8616,45
8617,45
8618,45
8619,45
8620,51
8621,112
8622,112
8623,112
8624,112
8625,112
8626,112
8627,45
8628,45
8629,45
8630,45
8631,45
8632,45
8633,45
8634,45
8635,45
8636,45
8637,45
8638,112
8639,112
8640,112
8641,112
8642,112
8643,112
8644,112
8645,112
8646,112
8647,112
8648,45
8649,45
8650,45
8651,45
8652,45
8653,45
8654,118
8655,51
8656,112
8657,112
8658,112
8659,112
8660,112
8661,112
8662,112
8663,112
8664,112
8665,112
8666,112
8667,112
8668,45
8669,45
8670,45
8671,45
8672,45
8673,45
8674,45
8675,45
8676,45
8677,118
8678,112
8679,112
8680,112
8681,112
8682,112
8683,112
8684,112
8685,112
8686,112
8687,112
8688,112
8689,45
8690,45
8691,45
8692,45
8693,45
8694,45
8695,45
8696,45
8697,45
8698,45
8699,45
8700,45
8701,45
8702,118
8703,112
8704,112
8705,112
8706,112
8707,112
8708,112
8709,112
8710,112
8711,112
8712,45
8713,45
8714,45
8715,45
8716,45
8717,45
8718,45
8719,45
8720,45
8721,45
8722,45
8723,45
8724,118
8725,112
8726,112
8727,112
8728,112
8729,112
8730,112
8731,112
8732,112
8733,112
8734,112
8735,45
8736,45
8737,45
8738,45
8739,45
8740,45
8741,45
8742,45
8743,45
8744,112
8745,112
8746,112
8747,112
8748,112
8749,112
8750,112
8751,112
8752,112
8753,45
8754,45
8755,45
8756,45
8757,45
8758,112
8759,112
8760,112
8761,112
8762,112
8763,112
8764,112
8765,112
8766,45
8767,45
8768,45
8769,112
8770,112
8771,112
8772,112
8773,112
8774,112
8775,112
8776,112
8777,112
8778,45
8779,45
8780,45
8781,45
8782,112
8783,112
8784,112
8785,112
8786,112
8787,112
8788,112
8789,112
8790,112
8791,112
8792,45
8793,45
8794,45
8795,45
8796,45
8797,45
8798,112
8799,112
8800,112
8801,112
8802,112
8803,112
8804,112
8805,112
8806,112
8807,45
8808,45
8809,45
8810,45
8811,45
8812,45
8813,112
8814,112
8815,112
8816,112
8817,112
8818,112
8819,112
8820,112
8821,45
8822,45
8823,45
8824,45
8825,45
8826,45
8827,45
8828,112
8829,112
8830,112
8831,112
8832,112
8833,112
8834,112
8835,112
8836,45
8837,45
8838,45
8839,45
8840,45
8841,45
8842,7
8843,7
8844,7
8845,7
8846,7
8847,51
8848,112
8849,112
8850,112
8851,112
8852,112
8853,112
8854,112
8855,45
8856,45
8857,45
8858,45
8859,45
8860,45
8861,7
8862,7
8863,7
8864,7
8865,7
8866,7
8867,7
8868,7
8869,7
8870,7
8871,112
8872,112
8873,112
8874,112
8875,112
8876,45
8877,45
8878,45
8879,45
8880,7
8881,7
8882,7
8883,7
8884,7
8885,7
8886,7
8887,7
8888,7
8889,7
8890,112
8891,7
8892,7
8893,7
8894,7
8895,7
8896,7
8897,7
8898,112
8899,7
8900,7
8901,7
8902,7
8903,112
8904,45
8905,45
8906,7
8907,7
8908,7
8909,7
8910,118
8911,112
8912,7
8913,7
8914,7
8915,7
8916,112
8917,7
8918,7
8919,7
8920,7
8921,118
8922,7
8923,7
8924,7
8925,7
8926,118
8927,118
8928,45
8929,7
8930,7
8931,7
8932,7
8933,7
8934,118
8935,118
8936,118
8937,118
8938,7
8939,7
8940,7
8941,118
8942,118
8943,118
8944,31
8945,7
8946,7
8947,7
8948,7
8949,7
8950,7
8951,118
8952,118
8953,118
8954,73
8955,73
8956,31
8957,7
8958,7
8959,7
8960,7
8961,7
8962,7
8963,7
8964,7
8965,118
8966,118
8967,118
8968,118
8969,118
8970,89
8971,31
8972,31
8973,24
8974,90
8975,90
8976,7
8977,7
8978,7
8979,7
8980,7
8981,118
8982,118
8983,118
8984,118
8985,118
8986,118
8987,89
8988,89
8989,89
8990,73
8991,31
8992,31
8993,31
8994,24
8995,90
8996,90
8997,90
8998,90
8999,118
9000,118
9001,118
9002,118
9003,31
9004,76
9005,90
9006,90
9007,90
9008,90
9009,90
9010,76
9011,99
9012,89
9013,89
9014,89
9015,76
9016,99
9017,99
9018,99
9019,99
9020,118
9021,118
9022,118
9023,118
9024,118
9025,118
9026,118
9027,118
9028,118
9029,118
9030,118
9031,89
9032,89
9033,89
9034,89
9035,73
9036,73
9037,73
9038,73
9039,31
9040,31
9041,31
9042,76
9043,99
9044,99
9045,99
9046,99
9047,118
9048,118
9049,118
9050,118
9051,118
9052,118
9053,118
9054,118
9055,89
9056,89
9057,89
9058,89
9059,89
9060,73
9061,73
9062,73
9063,73
9064,73
9065,73
9066,42
9067,42
9068,42
9069,42
9070,42
9071,42
9072,31
9073,31
9074,31
9075,31
9076,31
9077,31
9078,76
9079,99
9080,99
9081,99
9082,99
9083,99
9084,99
9085,118
9086,118
9087,118
9088,118
9089,118
9090,118
9091,118
9092,118
9093,118
9094,118
9095,118
9096,118
9097,118
9098,89
9099,89
9100,89
9101,89
9102,73
9103,73
9104,73
9105,73
9106,73
9107,73
9108,73
9109,73
9110,73
9111,73
9112,73
9113,42
9114,42
9115,42
9116,42
9117,42
9118,42
9119,42
9120,42
9121,42
9122,42
9123,31
9124,31
9125,31
9126,31
9127,31
9128,31
9129,31
9130,31
9131,31
9132,76
9133,90
9134,99
9135,99
9136,99
9137,99
9138,118
9139,118
9140,118
9141,118
9142,118
9143,118
9144,118
9145,118
9146,118
9147,89
9148,89
9149,73
9150,73
9151,73
9152,73
9153,73
9154,73
9155,73
9156,73
9157,73
9158,73
9159,73
9160,73
9161,73
9162,73
9163,42
9164,42
9165,42
9166,42
9167,42
9168,42
9169,42
9170,42
9171,42
9172,42
9173,42
9174,31
9175,31
9176,31
9177,31
9178,31
9179,31
9180,31
9181,31
9182,24
9183,24
9184,24
9185,24
9186,24
9187,24
9188,76
9189,76
9190,76
9191,76
9192,76
9193,76
9194,76
9195,98
9196,90
9197,90
9198,90
9199,99
9200,99
9201,99
9202,99
9203,99
9204,118
9205,118
9206,118
9207,118
9208,118
9209,118
9210,118
9211,118
9212,118
9213,118
9214,118
9215,89
9216,89
9217,73
9218,73
9219,73
9220,73
9221,73
9222,73
9223,73
9224,42
9225,42
9226,42
9227,42
9228,42
9229,42
9230,42
9231,42
9232,31
9233,31
9234,31
9235,31
9236,31
9237,31
9238,31
9239,31
9240,31
9241,24
9242,24
9243,24
9244,24
9245,24
9246,24
9247,24
9248,24
9249,24
9250,24
9251,24
9252,76
9253,76
9254,76
9255,76
9256,76
9257,76
9258,76
9259,76
9260,76
9261,76
9262,76
9263,76
9264,76
9265,98
9266,98
9267,98
9268,98
9269,90
9270,90
9271,90
9272,90
9273,90
9274,90
9275,90
9276,99
9277,99
9278,99
9279,99
9280,118
9281,118
9282,118
9283,118
9284,118
9285,118
9286,118
9287,118
9288,89
9289,89
9290,73
9291,73
9292,73
9293,73
9294,73
9295,42
9296,42
9297,42
9298,42
9299,42
9300,42
9301,31
9302,31
9303,31
9304,31
9305,31
9306,31
9307,31
9308,31
9309,24
9310,24
9311,24
9312,24
9313,24
9314,24
9315,24
9316,24
9317,24
9318,24
9319,76
9320,76
9321,76
9322,76
9323,76
9324,76
9325,76
9326,76
9327,76
9328,76
9329,76
9330,76
9331,76
9332,76
9333,98
9334,98
9335,98
9336,98
9337,98
9338,98
9339,98
9340,90
9341,90
9342,90
9343,90
9344,90
9345,90
9346,99
9347,99
9348,99
9349,99
9350,99
9351,99
9352,118
9353,118
9354,118
9355,118
9356,118
9357,89
9358,89
9359,73
9360,73
9361,73
9362,73
9363,42
9364,42
9365,42
9366,42
9367,42
9368,42
9369,31
9370,31
9371,31
9372,31
9373,31
9374,31
9375,24
9376,24
9377,24
9378,24
9379,24
9380,24
9381,24
9382,24
9383,76
9384,76
9385,76
9386,76
9387,76
9388,76
9389,76
9390,76
9391,76
9392,76
9393,76
9394,76
9395,76
9396,76
9397,98
9398,98
9399,98
9400,98
9401,98
9402,98
9403,98
9404,90
9405,90
9406,90
9407,90
9408,90
9409,99
9410,99
9411,99
9412,99
9413,99
9414,99
9415,99
9416,118
9417,118
9418,118
9419,118
9420,118
9421,118
9422,89
9423,89
9424,89
9425,73
9426,73
9427,73
9428,42
9429,42
9430,42
9431,42
9432,42
9433,42
9434,42
9435,31
9436,31
9437,31
9438,31
9439,31
9440,31
9441,24
9442,24
9443,24
9444,24
9445,24
9446,24
9447,76
9448,76
9449,76
9450,76
9451,76
9452,76
9453,76
9454,76
9455,76
9456,76
9457,76
9458,76
9459,76
9460,76
9461,76
9462,98
9463,98
9464,98
9465,98
9466,98
9467,98
9468,98
9469,98
9470,98
9471,90
9472,90
9473,90
9474,99
9475,99
9476,99
9477,99
9478,99
9479,99
9480,118
9481,118
9482,118
9483,118
9484,118
9485,118
9486,118
9487,118
9488,89
9489,89
9490,89
9491,73
9492,73
9493,73
9494,42
9495,42
9496,42
9497,42
9498,42
9499,42
9500,42
9501,31
9502,31
9503,31
9504,31
9505,31
9506,31
9507,24
9508,24
9509,24
9510,24
9511,24
9512,76
9513,76
9514,76
9515,76
9516,76
9517,76
9518,76
9519,76
9520,76
9521,76
9522,76
9523,98
9524,98
9525,98
9526,98
9527,98
9528,98
9529,98
9530,98
9531,90
9532,90
9533,90
9534,90
9535,90
9536,90
9537,99
9538,99
9539,99
9540,99
9541,118
9542,118
9543,118
9544,118
9545,118
9546,118
9547,118
9548,118
9549,89
9550,89
9551,89
9552,73
9553,73
9554,73
9555,42
9556,42
9557,42
9558,42
9559,42
9560,42
9561,42
9562,31
9563,31
9564,31
9565,31
9566,31
9567,31
9568,24
9569,24
9570,24
9571,76
9572,76
9573,76
9574,76
9575,76
9576,76
9577,76
9578,76
9579,76
9580,76
9581,98
9582,98
9583,98
9584,98
9585,98
9586,98
9587,98
9588,98
9589,98
9590,90
9591,90
9592,90
9593,90
9594,90
9595,90
9596,90
9597,99
9598,99
9599,99
9600,99
9601,118
9602,118
9603,118
9604,118
9605,118
9606,118
9607,118
9608,118
9609,89
9610,89
9611,73
9612,73
9613,42
9614,42
9615,42
9616,42
9617,42
9618,42
9619,42
9620,31
9621,31
9622,31
9623,31
9624,31
9625,31
9626,24
9627,24
9628,76
9629,76
9630,76
9631,76
9632,76
9633,76
9634,76
9635,76
9636,98
9637,98
9638,98
9639,98
9640,98
9641,98
9642,98
9643,98
9644,90
9645,90
9646,90
9647,90
9648,90
9649,90
9650,90
9651,109
9652,109
9653,109
9654,109
9655,99
9656,99
9657,99
9658,99
9659,99
9660,118
9661,118
9662,118
9663,118
9664,118
9665,118
9666,118
9667,89
9668,89
9669,89
9670,89
9671,73
9672,73
9673,73
9674,73
9675,42
9676,42
9677,42
9678,42
9679,31
9680,31
9681,31
9682,31
9683,24
9684,24
9685,76
9686,76
9687,76
9688,76
9689,76
9690,76
9691,76
9692,76
9693,98
9694,98
9695,98
9696,98
9697,98
9698,98
9699,98
9700,90
9701,90
9702,90
9703,90
9704,90
9705,99
9706,99
9707,99
9708,99
9709,99
9710,99
9711,118
9712,118
9713,118
9714,118
9715,118
9716,118
9717,118
9718,89
9719,89
9720,89
9721,73
9722,73
9723,42
9724,42
9725,42
9726,42
9727,42
9728,31
9729,31
9730,31
9731,31
9732,31
9733,31
9734,24
9735,24
9736,24
9737,76
9738,76
9739,76
9740,76
9741,76
9742,76
9743,98
9744,98
9745,98
9746,98
9747,98
9748,98
9749,98
9750,90
9751,90
9752,90
9753,90
9754,90
9755,90
9756,99
9757,99
9758,99
9759,99
9760,99
9761,118
9762,118
9763,118
9764,118
9765,118
9766,118
9767,118
9768,89
9769,89
9770,89
9771,89
9772,89
9773,73
9774,73
9775,73
9776,73
9777,42
9778,42
9779,42
9780,42
9781,42
9782,31
9783,31
9784,31
9785,31
9786,31
9787,31
9788,31
9789,31
9790,31
9791,24
9792,24
9793,24
9794,76
9795,76
9796,76
9797,76
9798,76
9799,76
9800,76
9801,76
9802,76
9803,98
9804,98
9805,98
9806,98
9807,98
9808,98
9809,98
9810,98
9811,90
9812,90
9813,90
9814,90
9815,90
9816,90
9817,90
9818,90
9819,90
9820,99
9821,99
9822,99
9823,99
9824,99
9825,99
9826,99
9827,118
9828,118
9829,118
9830,118
9831,118
9832,118
9833,118
9834,118
9835,118
9836,118
9837,118
9838,118
9839,89
9840,89
9841,89
9842,89
9843,89
9844,89
9845,89
9846,89
9847,73
9848,73
9849,73
9850,73
9851,73
9852,73
9853,73
9854,42
9855,42
9856,42
9857,42
9858,42
9859,42
9860,42
9861,31
9862,31
9863,31
9864,31
9865,31
9866,31
9867,31
9868,31
9869,24
9870,24
9871,24
9872,76
9873,76
9874,76
9875,76
9876,76
9877,98
9878,98
9879,98
9880,98
9881,98
9882,90
9883,90
9884,90
9885,90
9886,90
9887,90
9888,90
9889,118
9890,118
9891,118
9892,118
9893,89
9894,89
9895,89
9896,42
9897,42
9898,42
9899,31
9900,31
9901,24
9902,24
9903,24
9904,76
9905,109
9906,42
9907,76
9908,109
9909,76
9910,109
9911,109
9912,84
9913,18
9914,18
9915,18
9916,109
9917,109
9918,84
9919,18
9920,18
9921,18
9922,18
9923,76
9924,109
9925,109
9926,109
9927,18
9928,18
9929,18
9930,18
9931,76
9932,109
9933,109
9934,109
9935,18
9936,18
9937,18
9938,18
9939,109
9940,109
9941,109
9942,109
9943,84
9944,18
9945,18
9946,18
9947,18
9948,109
9949,109
9950,109
9951,109
9952,109
9953,84
9954,18
9955,18
9956,18
9957,35
9958,109
9959,109
9960,109
9961,109
9962,109
9963,109
9964,109
9965,18
9966,109
9967,109
9968,109
9969,109
9970,109
9971,109
9972,18
9973,109
9974,109
9975,109
9976,109
9977,109
9978,109
9979,109
9980,18
9981,18
9982,18
9983,18
9984,18
9985,18
9986,18
9987,18
9988,35
9989,98
9990,109
9991,109
9992,109
9993,109
9994,109
9995,109
9996,109
9997,109
9998,109
9999,109
10000,84
10001,18
10002,18
10003,18
10004,18
10005,18
10006,18
10007,18
10008,18
10009,35
10010,109
10011,109
10012,109
10013,109
10014,109
10015,109
10016,109
10017,109
10018,109
10019,18
10020,18
10021,18
10022,18
10023,18
10024,18
10025,18
10026,18
10027,35
10028,35
10029,35
10030,35
10031,35
10032,35
10033,109
10034,109
10035,109
10036,109
10037,109
10038,109
10039,109
10040,109
10041,109
10042,18
10043,18
10044,18
10045,18
10046,18
10047,18
10048,18
10049,109
10050,109
10051,109
10052,109
10053,109
10054,109
10055,109
10056,109
10057,109
10058,18
10059,18
10060,18
10061,18
10062,18
10063,109
10064,109
10065,35
10066,35
10067,35
10068,35
10069,109
10070,84
10071,84
10072,84
10073,84
10074,84
10075,84
10076,84
10077,84
10078,84
10079,84
10080,84
10081,84
10082,84
10083,84
10084,84
10085,84
10086,84
10087,84
10088,84
10089,84
10090,84
10091,13
10092,13
10093,11
10094,39
10095,13
10096,13
10097,75
10098,11
10099,11
10100,39
10101,13
10102,13
10103,13
10104,75
10105,75
10106,75
10107,75
10108,75
10109,75
10110,11
10111,11
10112,11
10113,11
10114,39
10115,13
10116,13
10117,13
10118,13
10119,68
10120,75
10121,11
10122,11
10123,11
10124,39
10125,11
10126,39
10127,39
10128,39
10129,11
10130,14
10131,11
10132,14
10133,106
10134,106
10135,106
10136,106
10137,106
10138,106
10139,34
10140,34
10141,97
10142,97
10143,97
10144,97
10145,97
10146,97
10147,97
10148,5
10149,5
10150,5
10151,5
10152,67
10153,67
10154,67
10155,67
10156,67
10157,67
10158,67
10159,67
10160,13
10161,13
10162,13
10163,13
10164,13
10165,13
10166,50
10167,50
10168,50
10169,68
10170,68
10171,68
10172,68
10173,11
10174,11
10175,11
10176,11
10177,11
10178,11
10179,14
10180,14
10181,14
10182,106
10183,106
10184,34
10185,34
10186,97
10187,97
10188,5
10189,5
10190,5
10191,67
10192,67
10193,67
10194,67
10195,67
10196,67
10197,67
10198,67
10199,67
10200,13
10201,13
10202,50
10203,50
10204,50
10205,50
10206,68
10207,68
10208,68
10209,68
10210,11
10211,11
10212,11
10213,11
10214,11
10215,11
10216,29
10217,29
10218,29
10219,29
10220,29
10221,29
10222,111
10223,111
10224,111
10225,111
10226,111
10227,111
10228,14
10229,14
10230,14
10231,14
10232,14
10233,14
10234,14
10235,14
10236,113
10237,113
10238,113
10239,106
10240,106
10241,34
10242,97
10243,97
10244,5
10245,5
10246,5
10247,67
10248,67
10249,67
10250,67
10251,67
10252,67
10253,67
10254,67
10255,13
10256,13
10257,50
10258,50
10259,50
10260,68
10261,68
10262,68
10263,68
10264,75
10265,75
10266,75
10267,75
10268,11
10269,11
10270,11
10271,11
10272,11
10273,29
10274,29
10275,29
10276,29
10277,29
10278,29
10279,29
10280,29
10281,29
10282,39
10283,39
10284,39
10285,39
10286,39
10287,39
10288,111
10289,111
10290,111
10291,111
10292,111
10293,111
10294,111
10295,111
10296,14
10297,14
10298,14
10299,14
10300,14
10301,14
10302,14
10303,14
10304,14
10305,113
10306,113
10307,113
10308,113
10309,113
10310,106
10311,106
10312,34
10313,97
10314,97
10315,97
10316,5
10317,67
10318,67
10319,67
10320,67
10321,67
10322,67
10323,67
10324,67
10325,13
10326,13
10327,50
10328,50
10329,50
10330,50
10331,50
10332,68
10333,68
10334,68
10335,68
10336,75
10337,75
10338,75
10339,75
10340,75
10341,11
10342,11
10343,11
10344,11
10345,11
10346,11
10347,29
10348,29
10349,29
10350,29
10351,29
10352,29
10353,29
10354,29
10355,29
10356,29
10357,39
10358,39
10359,39
10360,39
10361,39
10362,111
10363,111
10364,111
10365,111
10366,111
10367,111
10368,111
10369,111
10370,111
10371,111
10372,111
10373,111
10374,14
10375,14
10376,14
10377,14
10378,14
10379,14
10380,14
10381,14
10382,84
10383,84
10384,113
10385,113
10386,113
10387,113
10388,113
10389,113
10390,106
10391,106
10392,106
10393,34
10394,97
10395,97
10396,97
10397,5
10398,5
10399,67
10400,67
10401,67
10402,67
10403,67
10404,67
10405,67
10406,67
10407,13
10408,13
10409,13
10410,50
10411,50
10412,50
10413,50
10414,68
10415,68
10416,68
10417,75
10418,75
10419,75
10420,75
10421,11
10422,11
10423,11
10424,11
10425,11
10426,11
10427,11
10428,11
10429,29
10430,29
10431,29
10432,29
10433,29
10434,29
10435,29
10436,29
10437,29
10438,39
10439,39
10440,39
10441,39
10442,39
10443,39
10444,39
10445,39
10446,39
10447,111
10448,111
10449,111
10450,111
10451,111
10452,111
10453,111
10454,111
10455,111
10456,111
10457,111
10458,14
10459,14
10460,14
10461,14
10462,14
10463,14
10464,14
10465,14
10466,84
10467,84
10468,84
10469,113
10470,113
10471,113
10472,113
10473,113
10474,113
10475,113
10476,113
10477,113
10478,106
10479,106
10480,106
10481,34
10482,97
10483,97
10484,5
10485,5
10486,5
10487,5
10488,5
10489,5
10490,67
10491,67
10492,67
10493,67
10494,67
10495,67
10496,67
10497,13
10498,13
10499,50
10500,50
10501,50
10502,50
10503,68
10504,68
10505,68
10506,75
10507,75
10508,75
10509,75
10510,11
10511,11
10512,11
10513,11
10514,11
10515,29
10516,29
10517,29
10518,29
10519,29
10520,29
10521,29
10522,29
10523,29
10524,29
10525,39
10526,39
10527,39
10528,39
10529,39
10530,39
10531,39
10532,39
10533,39
10534,39
10535,39
10536,39
10537,111
10538,111
10539,111
10540,111
10541,111
10542,111
10543,111
10544,111
10545,111
10546,14
10547,14
10548,14
10549,14
10550,14
10551,14
10552,14
10553,14
10554,14
10555,84
10556,84
10557,84
10558,84
10559,113
10560,113
10561,113
10562,113
10563,113
10564,113
10565,113
10566,113
10567,113
10568,106
10569,106
10570,106
10571,34
10572,97
10573,97
10574,97
10575,97
10576,5
10577,5
10578,5
10579,5
10580,5
10581,5
10582,67
10583,67
10584,67
10585,67
10586,67
10587,67
10588,13
10589,13
10590,13
10591,50
10592,50
10593,50
10594,50
10595,50
10596,68
10597,68
10598,68
10599,68
10600,68
10601,68
10602,75
10603,75
10604,75
10605,75
10606,75
10607,75
10608,11
10609,11
10610,11
10611,11
10612,11
10613,11
10614,85
10615,29
10616,29
10617,29
10618,29
10619,29
10620,29
10621,29
10622,29
10623,39
10624,39
10625,39
10626,39
10627,39
10628,39
10629,39
10630,39
10631,39
10632,39
10633,39
10634,39
10635,111
10636,111
10637,111
10638,111
10639,111
10640,111
10641,111
10642,111
10643,111
10644,14
10645,14
10646,14
10647,14
10648,14
10649,14
10650,14
10651,14
10652,14
10653,84
10654,84
10655,84
10656,84
10657,113
10658,113
10659,113
10660,113
10661,113
10662,113
10663,113
10664,113
10665,113
10666,106
10667,106
10668,106
10669,34
10670,34
10671,97
10672,97
10673,97
10674,97
10675,5
10676,5
10677,5
10678,5
10679,5
10680,5
10681,67
10682,67
10683,67
10684,67
10685,67
10686,67
10687,67
10688,67
10689,67
10690,13
10691,13
10692,13
10693,50
10694,50
10695,50
10696,50
10697,50
10698,50
10699,68
10700,68
10701,68
10702,68
10703,68
10704,68
10705,68
10706,75
10707,75
10708,75
10709,75
10710,75
10711,75
10712,11
10713,11
10714,11
10715,11
10716,11
10717,11
10718,85
10719,29
10720,29
10721,29
10722,29
10723,29
10724,29
10725,29
10726,29
10727,39
10728,39
10729,39
10730,39
10731,39
10732,39
10733,39
10734,39
10735,39
10736,39
10737,39
10738,39
10739,39
10740,59
10741,111
10742,111
10743,111
10744,111
10745,111
10746,111
10747,111
10748,14
10749,14
10750,14
10751,14
10752,14
10753,14
10754,14
10755,14
10756,84
10757,84
10758,84
10759,84
10760,113
10761,113
10762,113
10763,113
10764,113
10765,113
10766,113
10767,106
10768,106
10769,106
10770,34
10771,34
10772,97
10773,97
10774,97
10775,5
10776,5
10777,5
10778,5
10779,5
10780,67
10781,67
10782,67
10783,67
10784,67
10785,67
10786,67
10787,67
10788,67
10789,67
10790,67
10791,13
10792,13
10793,50
10794,50
10795,50
10796,50
10797,50
10798,50
10799,68
10800,68
10801,68
10802,68
10803,68
10804,68
10805,68
10806,75
10807,75
10808,75
10809,75
10810,75
10811,11
10812,11
10813,11
10814,11
10815,11
10816,11
10817,11
10818,85
10819,29
10820,29
10821,29
10822,29
10823,29
10824,29
10825,29
10826,29
10827,39
10828,39
10829,39
10830,39
10831,39
10832,39
10833,39
10834,39
10835,39
10836,39
10837,39
10838,59
10839,111
10840,111
10841,111
10842,111
10843,111
10844,111
10845,111
10846,14
10847,14
10848,14
10849,14
10850,14
10851,14
10852,14
10853,14
10854,84
10855,84
10856,84
10857,84
10858,113
10859,113
10860,113
10861,113
10862,113
10863,106
10864,106
10865,106
10866,34
10867,34
10868,97
10869,97
10870,97
10871,97
10872,5
10873,5
10874,5
10875,5
10876,5
10877,5
10878,67
10879,67
10880,67
10881,67
10882,67
10883,67
10884,67
10885,67
10886,13
10887,13
10888,13
10889,50
10890,50
10891,50
10892,50
10893,50
10894,50
10895,50
10896,68
10897,68
10898,68
10899,68
10900,68
10901,75
10902,75
10903,75
10904,75
10905,75
10906,11
10907,11
10908,11
10909,11
10910,11
10911,11
10912,85
10913,85
10914,29
10915,29
10916,29
10917,29
10918,29
10919,29
10920,29
10921,29
10922,39
10923,39
10924,39
10925,39
10926,39
10927,39
10928,39
10929,39
10930,39
10931,39
10932,59
10933,111
10934,111
10935,111
10936,111
10937,111
10938,14
10939,14
10940,14
10941,14
10942,14
10943,14
10944,14
10945,84
10946,84
10947,84
10948,84
10949,84
10950,84
10951,84
10952,84
10953,113
10954,113
10955,113
10956,113
10957,113
10958,113
10959,106
10960,106
10961,106
10962,34
10963,34
10964,97
10965,97
10966,97
10967,97
10968,5
10969,5
10970,5
10971,5
10972,5
10973,5
10974,5
10975,67
10976,67
10977,67
10978,67
10979,67
10980,67
10981,67
10982,67
10983,13
10984,13
10985,13
10986,50
10987,50
10988,50
10989,50
10990,50
10991,68
10992,68
10993,68
10994,68
10995,68
10996,75
10997,75
10998,75
10999,75
11000,75
11001,11
11002,11
11003,11
11004,11
11005,11
11006,85
11007,85
11008,85
11009,85
11010,29
11011,29
11012,29
11013,29
11014,29
11015,39
11016,39
11017,39
11018,39
11019,39
11020,39
11021,39
11022,39
11023,39
11024,59
11025,111
11026,111
11027,111
11028,111
11029,14
11030,14
11031,14
11032,14
11033,14
11034,14
11035,14
11036,84
11037,84
11038,84
11039,84
11040,84
11041,84
11042,84
11043,84
11044,84
11045,84
11046,84
11047,84
11048,113
11049,113
11050,113
11051,113
11052,113
11053,113
11054,106
11055,106
11056,34
11057,34
11058,97
11059,97
11060,97
11061,97
11062,5
11063,5
11064,5
11065,5
11066,5
11067,5
11068,67
11069,67
11070,67
11071,67
11072,67
11073,67
11074,67
11075,67
11076,67
11077,67
11078,13
11079,13
11080,13
11081,50
11082,50
11083,50
11084,50
11085,50
11086,50
11087,68
11088,68
11089,68
11090,75
11091,75
11092,75
11093,75
11094,75
11095,75
11096,11
11097,11
11098,11
11099,11
11100,11
11101,11
11102,85
11103,85
11104,85
11105,85
11106,85
11107,85
11108,85
11109,29
11110,29
11111,29
11112,39
11113,39
11114,39
11115,39
11116,39
11117,39
11118,39
11119,39
11120,39
11121,59
11122,59
11123,111
11124,111
11125,14
11126,14
11127,14
11128,14
11129,14
11130,14
11131,84
11132,84
11133,84
11134,84
11135,84
11136,84
11137,84
11138,84
11139,84
11140,84
11141,84
11142,84
11143,84
11144,113
11145,113
11146,113
11147,113
11148,113
11149,113
11150,113
11151,113
11152,106
11153,106
11154,34
11155,34
11156,97
11157,97
11158,97
11159,97
11160,5
11161,5
11162,5
11163,5
11164,5
11165,5
11166,67
11167,67
11168,67
11169,67
11170,67
11171,67
11172,67
11173,67
11174,67
11175,67
11176,13
11177,13
11178,13
11179,13
11180,50
11181,50
11182,50
11183,50
11184,50
11185,68
11186,68
11187,75
11188,75
11189,75
11190,75
11191,75
11192,75
11193,11
11194,11
11195,11
11196,11
11197,11
11198,85
11199,85
11200,85
11201,85
11202,85
11203,85
11204,85
11205,85
11206,85
11207,85
11208,39
11209,39
11210,39
11211,39
11212,39
11213,39
11214,39
11215,39
11216,59
11217,59
11218,59
11219,59
11220,14
11221,14
11222,14
11223,14
11224,14
11225,84
11226,84
11227,84
11228,84
11229,84
11230,84
11231,84
11232,84
11233,84
11234,84
11235,84
11236,84
11237,113
11238,113
11239,113
11240,113
11241,113
11242,113
11243,113
11244,113
11245,113
11246,113
11247,113
11248,106
11249,106
11250,106
11251,34
11252,34
11253,34
11254,97
11255,97
11256,97
11257,97
11258,5
11259,5
11260,5
11261,5
11262,5
11263,5
11264,5
11265,67
11266,67
11267,67
11268,67
11269,67
11270,67
11271,67
11272,67
11273,67
11274,67
11275,13
11276,13
11277,13
11278,13
11279,50
11280,50
11281,50
11282,50
11283,50
11284,68
11285,68
11286,68
11287,68
11288,75
11289,75
11290,75
11291,75
11292,75
11293,75
11294,11
11295,11
11296,11
11297,11
11298,11
11299,11
11300,11
11301,85
11302,85
11303,85
11304,85
11305,85
11306,85
11307,85
11308,85
11309,85
11310,85
11311,85
11312,85
11313,39
11314,39
11315,39
11316,39
11317,39
11318,39
11319,39
11320,39
11321,59
11322,59
11323,59
11324,59
11325,59
11326,14
11327,14
11328,14
11329,14
11330,14
11331,14
11332,84
11333,84
11334,84
11335,84
11336,84
11337,84
11338,84
11339,84
11340,84
11341,84
11342,84
11343,84
11344,84
11345,113
11346,113
11347,113
11348,113
11349,113
11350,113
11351,113
11352,113
11353,113
11354,113
11355,113
11356,106
11357,106
11358,34
11359,34
11360,34
11361,97
11362,97
11363,97
11364,5
11365,5
11366,5
11367,5
11368,5
11369,5
11370,5
11371,67
11372,67
11373,67
11374,67
11375,67
11376,67
11377,67
11378,67
11379,67
11380,67
11381,13
11382,13
11383,13
11384,13
11385,50
11386,50
11387,50
11388,50
11389,50
11390,50
11391,50
11392,68
11393,68
11394,68
11395,75
11396,75
11397,75
11398,75
11399,75
11400,11
11401,11
11402,11
11403,11
11404,11
11405,85
11406,85
11407,85
11408,85
11409,85
11410,85
11411,85
11412,85
11413,85
11414,85
11415,85
11416,85
11417,39
11418,39
11419,39
11420,39
11421,39
11422,39
11423,39
11424,59
11425,59
11426,59
11427,59
11428,14
11429,14
11430,14
11431,14
11432,14
11433,14
11434,84
11435,84
11436,84
11437,84
11438,84
11439,84
11440,84
11441,84
11442,84
11443,84
11444,84
11445,113
11446,113
11447,113
11448,113
11449,113
11450,113
11451,113
11452,113
11453,113
11454,113
11455,106
11456,106
11457,106
11458,34
11459,34
11460,34
11461,97
11462,97
11463,97
11464,97
11465,97
11466,5
11467,5
11468,5
11469,5
11470,5
11471,5
11472,5
11473,5
11474,5
11475,67
11476,67
11477,67
11478,67
11479,67
11480,67
11481,67
11482,67
11483,67
11484,67
11485,67
11486,67
11487,67
11488,67
11489,13
11490,13
11491,13
11492,13
11493,50
11494,50
11495,50
11496,50
11497,50
11498,50
11499,68
11500,68
11501,68
11502,68
11503,68
11504,75
11505,75
11506,75
11507,75
11508,75
11509,75
11510,75
11511,11
11512,11
11513,11
11514,11
11515,11
11516,11
11517,85
11518,85
11519,85
11520,85
11521,85
11522,85
11523,85
11524,85
11525,85
11526,85
11527,85
11528,85
11529,39
11530,39
11531,39
11532,39
11533,39
11534,39
11535,39
11536,39
11537,59
11538,59
11539,59
11540,59
11541,59
11542,14
11543,14
11544,14
11545,14
11546,14
11547,14
11548,84
11549,84
11550,84
11551,84
11552,84
11553,84
11554,113
11555,113
11556,113
11557,113
11558,113
11559,113
11560,113
11561,113
11562,106
11563,106
11564,34
11565,34
11566,34
11567,34
11568,34
11569,34
11570,34
11571,97
11572,97
11573,97
11574,97
11575,97
11576,97
11577,97
11578,97
11579,97
11580,5
11581,5
11582,5
11583,5
11584,5
11585,5
11586,5
11587,5
11588,5
11589,5
11590,67
11591,67
11592,67
11593,67
11594,67
11595,67
11596,67
11597,67
11598,67
11599,67
11600,67
11601,67
11602,67
11603,67
11604,67
11605,67
11606,67
11607,67
11608,67
11609,13
11610,13
11611,13
11612,13
11613,13
11614,13
11615,50
11616,50
11617,50
11618,50
11619,50
11620,50
11621,50
11622,50
11623,50
11624,50
11625,68
11626,68
11627,68
11628,68
11629,68
11630,75
11631,75
11632,75
11633,75
11634,75
11635,75
11636,75
11637,75
11638,75
11639,11
11640,11
11641,11
11642,11
11643,11
11644,11
11645,11
11646,85
11647,85
11648,85
11649,85
11650,85
11651,85
11652,85
11653,85
11654,85
11655,85
11656,39
11657,39
11658,39
11659,39
11660,39
11661,39
11662,39
11663,39
11664,39
11665,39
11666,59
11667,59
11668,59
11669,59
11670,59
11671,59
11672,59
11673,14
11674,14
11675,14
11676,14
11677,14
11678,14
11679,14
11680,14
11681,14
11682,14
11683,14
11684,84
11685,84
11686,113
11687,113
11688,113
11689,113
11690,113
11691,113
11692,34
11693,34
11694,34
11695,34
11696,34
11697,34
11698,97
11699,97
11700,97
11701,97
11702,97
11703,97
11704,5
11705,5
11706,5
11707,5
11708,5
11709,5
11710,5
11711,67
11712,67
11713,67
11714,67
11715,67
11716,67
11717,67
11718,67
11719,67
11720,67
11721,67
11722,67
11723,67
11724,67
11725,67
11726,67
11727,13
11728,13
11729,13
11730,13
11731,13
11732,13
11733,13
11734,13
11735,13
11736,50
11737,50
11738,50
11739,50
11740,50
11741,50
11742,50
11743,50
11744,50
11745,68
11746,68
11747,68
11748,68
11749,68
11750,68
11751,68
11752,68
11753,68
11754,75
11755,75
11756,75
11757,75
11758,75
11759,75
11760,75
11761,75
11762,11
11763,11
11764,11
11765,11
11766,11
11767,11
11768,11
11769,85
11770,85
11771,85
11772,85
11773,85
11774,85
11775,39
11776,39
11777,39
11778,39
11779,39
11780,39
11781,39
11782,39
11783,59
11784,59
11785,59
11786,59
11787,59
11788,59
11789,14
11790,14
11791,14
11792,14
11793,14
11794,14
11795,14
11796,14
11797,14
11798,84
11799,113
11800,113
11801,113
11802,113
11803,67
11804,67
11805,67
11806,67
11807,67
11808,67
11809,67
11810,13
11811,13
11812,13
11813,13
11814,13
11815,50
11816,50
11817,50
11818,50
11819,50
11820,68
11821,68
11822,68
11823,68
11824,68
11825,68
11826,68
11827,75
11828,75
11829,75
11830,75
11831,11
11832,11
11833,11
11834,11
11835,11
11836,39
11837,39
11838,39
11839,39
11840,39
11841,14
11842,14
11843,14
11844,14
11845,14
11846,14
11847,84
11848,68
11849,68
11850,68
11851,84
11852,75
11853,75
11854,67
11855,67
11856,75
11857,75
11858,75
11859,63
11860,63
11861,21
11862,5
11863,5
11864,67
11865,75
11866,21
11867,21
11868,21
11869,21
11870,5
11871,5
11872,75
11873,63
11874,63
11875,63
11876,63
11877,21
11878,21
11879,75
11880,21
11881,21
11882,21
11883,21
11884,21
11885,21
11886,21
11887,75
11888,75
11889,21
11890,75
11891,21
11892,5
11893,5
11894,67
11895,75
11896,21
11897,21
11898,5
11899,5
11900,113
11901,113
11902,21
